Active rs,Priority 2
month,Priority
1,82.64516129032258
2,92.75862068965516
3,115.06451612903226
4,138.46666666666667
5,131.61290322580646
6,136.23333333333332
7,144.7741935483871
