Aop,Priority 2
month,Priority
1,7900.365174038049
2,8054.538810963445
3,8243.283642224013
4,8345.155795651594
5,8342.420512118308
6,8211.580621210247
7,8323.070688140557
