Asp,Priority 2
month,Priority
1,5908.967455802288
2,6056.379638439581
3,6532.624716138012
4,6433.453848205949
5,6349.964672052581
6,6268.013117188467
7,6239.872503660322
8,6124.916306695464
9,6137.895350935226
