B2c & p2c daily orders,Priority 2
month,Priority
1,0.0
2,0.0
3,0.0045454545454545
4,0.0019880715705765
5,0.0
6,0.0
7,0.0
