B2c & r burn daily orders,Priority 2
month,Priority
1,0.0
2,0.0
3,0.2931818181818181
4,0.3896620278330019
5,0.3530655391120507
6,0.3740875912408759
7,0.3772241992882562
