"B2c, r burn & p2c daily orders",Priority 2
month,Priority
1,0.0
2,0.0
3,0.0931818181818181
4,0.1371769383697813
5,0.1458773784355179
6,0.1715328467153284
7,0.1530249110320284
