B2c per order,Priority 2
month,Priority
1,254.915642013825
2,194.058009269206
3,174.416526261812
4,201.304521808723
5,197.283102834452
6,188.853050365054
7,209.393733528551
