B2c gmv,Priority 2
month,Priority
1,0.03226631
2,0.024093
3,0.02115862
4,0.02412232
5,0.02364818
6,0.02299838
7,0.02515823
