B2c only orders,Priority 2
month,Priority
1,0.0
2,0.0
3,0.009090909090909
4,0.0019880715705765
5,0.0021141649048625
6,0.0
7,0.0017793594306049
