B2c gmv,Priority 2
month,Priority
1,0.0322663112904605
2,0.0240930007072613
3,0.0211586224412332
4,0.0241223203901857
5,0.0236481849060324
6,0.0229983798584711
7,0.0251582308230198
8,0.0227623071187748
9,0.0200089595448442
