Daily online hours,Priority 2
month,Priority
1,862.870017921147
2,976.7589655172412
3,1200.3875537634406
4,1487.456212962963
5,1435.7348745519712
6,1475.3029907407408
7,1564.8312455197135
