Daily online hours,Priority 2
month,Priority
1,862.8700179211469
2,976.7589655172412
3,1200.3875537634408
4,1487.4562129629628
5,1435.7348745519712
6,1475.3029907407408
7,1564.831245519713
