Healthy stores,Priority 2
month,Priority
1,78.3225806451613
2,89.6896551724138
3,121.74193548387096
4,151.3
5,146.3548387096774
6,151.86666666666667
7,150.96774193548387
