Imperfect order rate,Priority 2
month,Priority
1,0.0217776962133724
2,0.0222215401614437
3,0.0260054208482895
4,0.0250766973456049
5,0.0240312200465562
6,0.0258631357505259
7,0.0223133235724743
