No burn orders,Priority 2
month,Priority
1,0.0
2,0.0
3,0.1136363636363636
4,0.1153081510934393
5,0.0887949260042283
6,0.0802919708029197
7,0.0889679715302491
