Overdue orders per total orders,Priority 2
month,Priority
1,0.1371367390639339
2,0.1588655965133053
3,0.2130979415427441
4,0.160797652394291
5,0.1627413391756812
6,0.1836014851485148
7,0.1597938144329896
