P2c gmv,Priority 2
month,Priority
1,0.0433067227952504
2,0.0448032092255991
3,0.0432775834403316
4,0.0430919908375525
5,0.0479536484194578
6,0.0557714759698948
7,0.0445276729154022
8,0.0442780146732562
9,0.0488042087691526
