P2c burn per order,Priority 2
month,Priority
1,342.138924573316
2,360.869187563304
3,356.74939564867
4,359.609377084167
5,400.049500205395
6,457.971971290682
7,370.606969253294
