P2c gmv,Priority 2
month,Priority
1,0.04330672
2,0.04480321
3,0.04327758
4,0.04309199
5,0.04795365
6,0.05577148
7,0.04452767
