P2c only orders,Priority 2
month,Priority
1,0.0
2,0.0
3,0.0409090909090909
4,0.0417495029821073
5,0.0380549682875264
6,0.0401459854014598
7,0.0355871886120996
