R burn & p2c daily orders,Priority 2
month,Priority
1,0.0
2,0.0
3,0.109090909090909
4,0.0795228628230616
5,0.1078224101479915
6,0.0967153284671532
7,0.096085409252669
