R burn gmv,Priority 2
month,Priority
1,0.176490975
2,0.179182447
3,0.143085335
4,0.161864929
5,0.167232428
6,0.157916307
7,0.180606117
