R burn only orders,Priority 2
month,Priority
1,0.0
2,0.0
3,0.3363636363636363
4,0.2326043737574552
5,0.2642706131078224
6,0.2372262773722627
7,0.2473309608540925
