Ted per order,Priority 2
month,Priority
1,1991.397718235762
2,1998.1591725238636
3,1710.658926086001
4,1911.7019474456447
5,1992.4558400657263
6,1943.5675040217795
7,2083.1981844802344
