Ted gmv,Priority 2
month,Priority
1,0.252064009
2,0.248078657
3,0.207521541
4,0.22907924
5,0.238834261
6,0.236686162
7,0.250292021
