Tri gmv,Priority 2
month,Priority
1,0.2097225950255185
2,0.2016963830444629
3,0.2139414914715589
4,0.2082595091624554
5,0.2054954167437221
6,0.2079208025982423
7,0.2049604439830012
8,0.2064191252481674
9,0.2059349826710429
