Tri gmv,Priority 2
month,Priority
1,0.209722595
2,0.201696383
3,0.213941491
4,0.208259509
5,0.205495417
6,0.207920803
7,0.204960444
