B cancel rate,Old_3_vs_New_2
month,Old priority,New priority
1,0.0419516643866849,0.0258575529618842
2,0.0515928349243805,0.0240580298481951
3,0.055433105576372,0.0230127061765625
4,0.1104050833995234,0.0231552113709661
5,0.081357239251976,0.0231438935912938
6,0.0615095353209777,0.0198744081078007
