B2c gmv,Old_3_vs_New_2
month,Old priority,New priority
1,0.01813048,0.0272777576033271
2,0.03700477,0.0353597217386458
3,0.04848106,0.0373319742318368
4,0.01945091,0.0316287710409818
5,0.03988017,0.0339869291856051
6,0.09792924,0.0592262724681483
