Daily orders,Old_3_vs_New_2
month,Old priority,New priority
1,325.6774193548387,2902.3870967741937
2,293.2068965517241,3050.4827586206898
3,264.7096774193548,3303.0967741935483
4,103.73333333333332,3226.4666666666667
5,142.5806451612903,3754.032258064516
6,219.4,5229.533333333334
