Daily online hours,Old_3_vs_New_2
month,Old priority,New priority
1,826.9954390681003,4998.117419354851
2,1102.0541762452108,5651.350804597695
3,1088.4493548387095,5794.670967741926
4,983.1651111111112,6447.805074074086
5,945.813458781362,6891.673978494628
6,925.0512962962964,7436.02258333334
