Healthy stores,Old_3_vs_New_2
month,Old priority,New priority
1,96.7741935483871,579.4193548387096
2,127.55172413793105,655.1379310344828
3,125.29032258064515,673.5483870967741
4,114.83333333333331,751.1
5,110.12903225806453,797.7741935483871
6,107.36666666666666,861.4666666666667
