Ted gmv,Old_3_vs_New_2
month,Old priority,New priority
1,0.183922788,0.3296941693002875
2,0.244251026,0.3325718819833405
3,0.328242977,0.3394447276239242
4,0.255867573,0.3401604054659436
5,0.301440499,0.3338257121983911
6,0.385009673,0.370757939113708
