R burn gmv,Old_3_vs_New_2
month,Old priority,New priority
1,0.092525648,0.184643757417677
2,0.117335653,0.1830473356719759
3,0.168186377,0.1951844107238737
4,0.122488554,0.2037335473237723
5,0.155571317,0.2056787881262627
6,0.190663609,0.2172240006374091
