R burn per order,Old_3_vs_New_2
month,Old priority,New priority
1,6260.393324088748,8089.262764798718
2,6452.891097259791,8010.72993534093
3,7150.493906897392,8736.26102582132
4,5358.397814910026,8931.632425563568
5,6705.153167420815,8918.23727604726
6,8567.036615010635,9709.961494333464
