B2c per order,Old_3_vs_New_2
month,Old priority,New priority
1,1226.729595879556,1195.0414786493875
2,2035.082794307891,1547.453178694158
3,2061.186814525957,1670.9422145396304
4,850.901670951157,1386.5981362481143
5,1718.842986425339,1473.6740794844252
6,4400.228198116074,2647.427648101169
