Orders per eff online,Old_3_vs_New_2
month,Old priority,New priority
1,2.7360433604336043,4.461004511874659
2,1.849684576897977,4.188834698612624
3,1.696856906534326,4.418763215811505
4,0.7150735294117647,3.859717680835793
5,1.020785219399538,4.180136494252873
6,1.6199852325867583,5.384240510673347
