Bad rating rate,Old_3_vs_New_2
month,Old priority,New priority
1,0.0339738510301109,0.0244403938915686
2,0.0312830765612136,0.023388044854404
3,0.0354618571776748,0.0264072815344349
4,0.0218508997429305,0.0265822261710436
5,0.0298642533936651,0.0273426423200859
6,0.0309936189608021,0.0268092755249034
