Active rs,Priority 0
month,Priority
1,12.774193548387096
2,13.96551724137931
3,19.580645161290324
4,17.7
5,19.032258064516128
6,20.333333333333332
7,20.612903225806452
