Aop,Priority 0
month,Priority
1,8228.39445114596
2,9682.104166666666
3,8950.305515239477
4,8455.001689189188
5,8415.030144927536
6,8219.770010131711
7,8208.427223050172
8,8031.98320537428
9,8143.687698592828
