Asp,Priority 0
month,Priority
1,6061.831121833535
2,6640.679398148148
3,6414.1509433962265
4,6102.070945945946
5,6024.179130434783
6,5976.77811550152
7,5968.6035767511175
