Asp,Priority 0
month,Priority
1,6061.831121833535
2,6640.679398148148
3,6414.150943396226
4,6102.070945945946
5,6024.179130434784
6,5976.77811550152
7,5968.6035767511175
8,5869.723128598848
9,5972.608715388107
