B2c gmv,Priority 0
month,Priority
1,0.0485432552171941
2,0.0955762935101964
3,0.1211074274734684
4,0.1524267680193296
5,0.1506700192140674
6,0.1271143299576859
7,0.1346517615691142
8,0.1121445674272595
9,0.1020163045223154
