B2c per order,Priority 0
month,Priority
1,399.433051869723
2,925.37962962963
3,1083.94847605225
4,1288.768581081081
5,1267.892753623188
6,1044.850557244174
7,1105.279185295579
