B2c gmv,Priority 0
month,Priority
1,0.04854326
2,0.09557629
3,0.12110743
4,0.15242677
5,0.15067002
6,0.12711433
7,0.13465176
