B2c per order,Priority 0
month,Priority
1,399.4330518697225
2,925.3796296296296
3,1083.9484760522496
4,1288.768581081081
5,1267.8927536231884
6,1044.8505572441743
7,1105.2791852955788
8,900.7432821497122
9,830.7889241942805
