B cancel rate,Priority 0
month,Priority
1,0.0502136752136752
2,0.042149631190727
3,0.050437121721587
4,0.052466718872357
5,0.0496529631607047
6,0.0539916935856022
7,0.0474885844748858
