Bad rating rate,Priority 0
month,Priority
1,0.0554885404101326
2,0.0335648148148148
3,0.0261248185776487
4,0.0320945945945945
5,0.0237681159420289
6,0.0283687943262411
7,0.0263288623944361
8,0.0239923224568138
9,0.0363141171130276
