Daily online hours,Priority 0
month,Priority
1,264.71750000000003
2,325.0689463601533
3,371.3060035842294
4,333.89883333333336
5,275.1104659498208
6,257.6133888888889
7,294.28137096774196
