Daily online hours,Priority 0
month,Priority
1,264.7175
2,325.06894636015323
3,371.30600358422936
4,333.89883333333336
5,275.1104659498208
6,257.6133888888889
7,294.28137096774196
