Daily orders,Priority 0
month,Priority
1,26.741935483870968
2,29.79310344827586
3,44.45161290322581
4,39.46666666666667
5,55.645161290322584
6,65.8
7,64.93548387096774
