Daily orders,Priority 0
month,Priority
1,26.741935483870968
2,29.79310344827586
3,44.45161290322581
4,39.46666666666667
5,55.64516129032258
6,65.8
7,64.93548387096774
8,67.2258064516129
9,73.43333333333334
