Exposure per eff online,Priority 0
month,Priority
1,192.2842842842843
2,168.8119266055046
3,213.8181818181818
4,192.96789727126807
5,248.90636363636364
6,298.54221770091556
7,263.7192513368984
