Healthy stores,Priority 0
month,Priority
1,24.06451612903226
2,29.89655172413793
3,34.774193548387096
4,33.43333333333333
5,29.580645161290324
6,27.5
7,28.870967741935484
8,32.064516129032256
9,31.866666666666667
