Imperfect order rate,Priority 0
month,Priority
1,0.0554885404101326
2,0.0381944444444444
3,0.0283018867924528
4,0.027027027027027
5,0.0284057971014492
6,0.0329280648429584
7,0.0263288623944361
