Orders per eff online,Priority 0
month,Priority
1,0.8298298298298298
2,0.7926605504587156
3,1.0184774575018478
4,0.9502407704654896
5,1.568181818181818
6,2.008138351983724
7,1.7941176470588236
8,1.5014409221902016
9,1.7680577849117174
