Overdue orders per total orders,Priority 0
month,Priority
1,0.1557971014492753
2,0.2395833333333333
3,0.1937590711175617
4,0.0777027027027027
5,0.1066666666666666
6,0.1367781155015197
7,0.1430700447093889
