P2c burn per order,Priority 0
month,Priority
1,415.648974668275
2,508.954861111111
3,399.634252539913
4,445.60472972973
5,504.791884057971
6,555.479736575481
7,447.477893691008
