P2c gmv,Priority 0
month,Priority
1,0.05051398
2,0.05256655
3,0.04465035
4,0.05270309
5,0.05998694
6,0.0675785
7,0.05451445
