R burn gmv,Priority 0
month,Priority
1,0.164246052
2,0.165985642
3,0.117601778
4,0.073158759
5,0.073459794
6,0.078184864
7,0.083702584
