R burn per order,Priority 0
month,Priority
1,1351.481302774427
2,1607.0902777777776
3,1052.5718432510885
4,618.5574324324324
5,618.1663768115942
6,642.6616008105369
7,687.0665673124689
8,852.0331094049905
9,956.2410349523376
