Ted gmv,Priority 0
month,Priority
1,0.26330329
2,0.314128491
3,0.283359553
4,0.278288619
5,0.28411675
6,0.272877695
7,0.272868795
