Ted per order,Priority 0
month,Priority
1,2166.5633293124247
2,3041.4247685185182
3,2536.1545718432512
4,2352.9307432432433
5,2390.8510144927536
6,2242.9918946301923
7,2239.823646299056
