Ted gmv,Priority 0
month,Priority
1,0.2633032898672826
2,0.3141284906838193
3,0.2833595532046363
4,0.2782886189427695
5,0.2841167498293426
6,0.2728776951016237
7,0.2728687951340279
8,0.2692062497502039
9,0.2665965424459815
