Tri gmv,Priority 0
month,Priority
1,0.211901652
2,0.206952666
3,0.220966584
4,0.231153257
5,0.234772743
6,0.231919965
7,0.232292016
