Tri per order,Priority 0
month,Priority
1,1743.6103739445116
2,2003.7372685185185
3,1977.7184325108851
4,1954.4011824324325
5,1975.6197101449277
6,1906.3287740628168
7,1906.7521112767015
