Tri gmv,Priority 0
month,Priority
1,0.2119016515672362
2,0.2069526658695679
3,0.2209665836706322
4,0.2311532574773328
5,0.2347727430704218
6,0.2319199651222686
7,0.2322920164197021
8,0.2285591917103484
9,0.2229586237741731
