B cancel rate,Old_3_vs_New_2
month,Old priority,New priority
1,0.03817132712,0.02166566355
2,0.03658936775,0.02112886367
3,0.04793362432,0.02358208554
4,0.08684965178,0.02265739685
5,0.0564516129,0.02263008916
