B2c gmv,Old_3_vs_New_2
month,Old priority,New priority
1,0.05774542,0.02879274
2,0.07026995,0.02392623
3,0.06544388,0.02729858
4,0.03932463,0.04509272
5,0.02778521,0.02831894
