Orders per eff online,Old_3_vs_New_2
month,Old priority,New priority
1,3.756616915,5.489617936
2,2.640307908,4.965900674
3,1.605004159,4.919927128
4,0.6663209128,4.880920451
5,1.124161868,5.172029475
