Ted gmv,Old_3_vs_New_2
month,Old priority,New priority
1,0.221093258,0.19524375
2,0.21535997,0.174663242
3,0.199950789,0.17989869
4,0.17389035,0.208071028
5,0.183849565,0.20019421
