R burn gmv,Old_3_vs_New_2
month,Old priority,New priority
1,0.111579427,0.115600601
2,0.104932194,0.111950547
3,0.094870323,0.113409649
4,0.086018771,0.119979177
5,0.111460378,0.129557631
