Bad rating rate,Old_3_vs_New_2
month,Old priority,New priority
1,0.02209037453,0.01643240792
2,0.02297022705,0.01626528599
3,0.02452822041,0.01693821413
4,0.02706262723,0.01640288122
5,0.02168268893,0.01785005581
