R burn per order,Old_3_vs_New_2
month,Old priority,New priority
1,25.85391773,26.96755788
2,25.44610095,26.49601562
3,23.42194239,27.49958922
4,21.19698958,28.88100328
5,27.6758017,31.38446064
