Daily orders,Old_3_vs_New_2
month,Old priority,New priority
1,1217.870968,18498.06452
2,1170.931034,18495.06897
3,747.0,18294.19355
4,278.3666667,19047.46667
5,459.7096774,20807.74194
