Daily online hours,Old_3_vs_New_2
month,Old priority,New priority
1,2158.613925,22419.01139
2,3084.784713,25048.28661
3,3297.223862,25117.02002
4,2963.231472,26434.22273
5,2913.227975,27093.2311
