B2c per order,Old_3_vs_New_2
month,Old priority,New priority
1,13.38011363,6.716832868
2,17.0404915,5.662765602
3,16.15703157,6.619362745
4,9.690486169,10.85457436
5,6.899114448,6.860072182
