Healthy stores,Old_3_vs_New_2
month,Old priority,New priority
1,248.0967742,2892.064516
2,348.4827586,3218.068966
3,374.5806452,3199.258065
4,339.7666667,3367.0
5,334.3225806,3456.483871
