Orders per eff online,Old_1_vs_New_Rs
month,Old priority,New priority
1,,0.826034552
2,,0.8517929439
3,,0.8014511873
4,0.8752642706,0.9404761905
5,0.9368524914,1.060502283
