Bad rating rate,Old_1_vs_New_Rs
month,Old priority,New priority
1,,0.03501945525
2,,0.03717535223
3,,0.04403292181
4,0.02657004831,0.02751788663
5,0.02948920484,0.03049874417
