B cancel rate,Old_1_vs_New_Rs
month,Old priority,New priority
1,,0.07198838897
2,,0.07257091129
3,,0.07697920467
4,0.06451612903,0.06091245376
5,0.07351598174,0.0625794155
