B2c per order,Old_1_vs_New_Rs
month,Old priority,New priority
1,,3.585452335
2,,4.858090307
3,,4.162697531
4,7.987294686,3.75721519
5,3.776972091,3.057154647
