Daily online hours,Old_1_vs_New_Rs
month,Old priority,New priority
1,0.0,1574.969928
2,0.0,1616.655335
3,0.0,1364.508575
4,206.3813704,890.1975
5,491.0921057,634.052052
