Daily orders,Old_1_vs_New_Rs
month,Old priority,New priority
1,0.0,198.9677419
2,0.0,203.137931
3,0.0,156.7741935
4,27.6,121.1333333
5,61.25806452,89.90322581
