Healthy stores,Old_1_vs_New_Rs
month,Old priority,New priority
1,0.0,170.0645161
2,0.0,167.5172414
3,0.0,137.0322581
4,22.3,97.9
5,52.90322581,69.0
