B2c gmv,Old_1_vs_New_Rs
month,Old priority,New priority
1,,0.09867473
2,,0.1314627
3,,0.11122005
4,0.22463175,0.10003063
5,0.10285823,0.08249995
