R burn per order,Old_1_vs_New_Rs
month,Old priority,New priority
1,,4.791861219
2,,4.150220676
3,,4.671347737
4,2.038272947,6.361576775
5,4.873701948,6.292238967
