Ted gmv,Old_1_vs_New_Rs
month,Old priority,New priority
1,,0.337201662
2,,0.352076282
3,,0.325228995
4,0.351804243,0.349721555
5,0.339412929,0.347239686
