Ted gmv,priority_5
month,Old priority,New priority
1,0.24874798,0.230464769
2,0.273496313,0.248164284
3,0.269799008,0.247144662
4,0.236751556,0.236471467
5,0.244219777,0.24941629
