R burn per order,priority_5
month,Old priority,New priority
1,5364.248993,4797.938241
2,5054.081842,4766.083156
3,5390.992463,4996.019833
4,5228.66336,5355.266276
5,5940.06666,6145.693691
