B2c gmv,priority_5
month,Old priority,New priority
1,0.02178304,0.01469495
2,0.04790323,0.03471819
3,0.04576391,0.02941072
4,0.01458145,0.00975724
5,0.01592407,0.01135759
