B2c per order,priority_5
month,Old priority,New priority
1,997.1041636,670.1481673
2,2117.484572,1581.564252
3,2069.414068,1321.519255
4,652.1727671,437.6519505
5,708.7622593,503.0606962
