R burn gmv,priority_5
month,Old priority,New priority
1,0.117188992,0.105208788
2,0.114337014,0.104624121
3,0.119218725,0.111187594
4,0.116903833,0.119393033
5,0.133458091,0.138751152
