Daily online hours,priority_5
month,Old priority,New priority
1,15324.21439,12716.6466
2,17357.41206,14292.36523
3,16431.59559,13165.60254
4,15770.87025,13271.08576
5,14717.15676,12841.4216
