Daily orders,priority_5
month,Old priority,New priority
1,1296.967742,1058.741935
2,1154.448276,923.8965517
3,1155.645161,836.0
4,813.2333333,745.9666667
5,909.7741935,889.6774194
