Healthy stores,priority_5
month,Old priority,New priority
1,1719.451613,1429.096774
2,1957.931034,1615.724138
3,1860.612903,1488.645161
4,1786.633333,1497.833333
5,1656.677419,1438.322581
