Imperfect order rate,Old_2_vs_New_1
month,Old priority,New priority
1,0.0293680443588029,0.0322742056542406
2,0.0265936519264728,0.0368570271364925
3,0.0272967191482735,0.0276864342071774
4,0.0270311010284103,0.0270044143311774
5,0.026263023642432,0.0261464477849469
6,0.0254957265685581,0.0256096881294935
