B cancel rate,Old_2_vs_New_1
month,Old priority,New priority
1,0.0105624215287337,0.0198090692124105
2,0.0083801714827304,0.0164750957854406
3,0.0081593651817277,0.0062163485070974
4,0.0080213327199936,0.0058558182683859
5,0.0069078277571289,0.0051239497977388
6,0.0070516997936352,0.0059548074688448
