Daily orders,Old_2_vs_New_1
month,Old priority,New priority
1,8202.90322580645,128.93548387096774
2,7537.448275862069,85.13793103448276
3,7871.677419354839,6337.096774193548
4,8845.366666666667,6494.0
5,10167.612903225809,7459.225806451613
6,11735.3,8373.133333333333
