Ted gmv,Old_2_vs_New_1
month,Old priority,New priority
1,0.432605336,0.302548812
2,0.422160697,0.362558367
3,0.417058593,0.434414254
4,0.421893325,0.436158881
5,0.415471624,0.428859666
6,0.409964706,0.425608964
