R burn gmv,Old_2_vs_New_1
month,Old priority,New priority
1,0.28138854,0.205045435
2,0.271750751,0.185146466
3,0.273546736,0.290191169
4,0.277489437,0.289289806
5,0.280146291,0.295299913
6,0.273806003,0.292369491
