B2c per order,Old_2_vs_New_1
month,Old priority,New priority
1,1837.373490896221,845.021015761821
2,1775.067808551325,1440.787768327258
3,1780.836551622395,1786.654777297022
4,1972.370174969193,2155.52407863669
5,2066.631470577038,1999.760335760868
6,1987.078469801937,1906.480134875833
