Orders per eff online,Old_2_vs_New_1
month,Old priority,New priority
1,14.6733987305251,2.1949478308621635
2,14.136066739959904,2.4964610717896867
3,15.083570280628011,19.549208876505126
4,14.722647581003107,19.568099638409
5,16.75237842147223,21.21042010640249
6,16.416068264478223,19.52234398072589
