Healthy stores,Old_2_vs_New_1
month,Old priority,New priority
1,521.9032258064516,51.03225806451613
2,504.2413793103448,29.310344827586206
3,492.2903225806452,305.61290322580646
4,569.4333333333333,315.4
5,577.0967741935484,334.16129032258067
6,676.3333333333334,404.1333333333333
