R burn per order,Old_2_vs_New_1
month,Old priority,New priority
1,13178.11178575642,12202.752314235677
2,12451.56644066866,7374.343458890239
3,12865.067305406888,13632.362921863069
4,12806.977430745286,13539.728652089108
5,12896.661477303012,13770.89869656974
6,12662.01970408369,13756.98468912474
