Eff online rs,Old_2_vs_New_1
month,Old priority,New priority
1,559.0322580645161,58.74193548387097
2,533.2068965517242,34.10344827586207
3,521.8709677419355,324.16129032258067
4,600.8,331.8666666666667
5,606.9354838709677,351.6774193548387
6,714.8666666666667,428.9
