B2c gmv,Old_2_vs_New_1
month,Old priority,New priority
1,0.03923292,0.01419907
2,0.03874019,0.03617363
3,0.03786549,0.0380324
4,0.04273545,0.04605492
5,0.04489217,0.04288239
6,0.04296898,0.04051735
