Bad rating rate,Old_2_vs_New_1
month,Old priority,New priority
1,0.0297377010499823,0.0275206404803602
2,0.0267995205548388,0.0425273390036452
3,0.0280712394784076,0.0288928480529396
4,0.0288889475092421,0.0288830715532286
5,0.0286996027868373,0.0289012091542839
6,0.0277141047381262,0.0280659569894185
