Daily online hours,Old_2_vs_New_1
month,Old priority,New priority
1,4865.255331541218,436.2712634408602
2,4659.040680076629,269.1661781609195
3,4551.541120071684,2933.9222043010755
4,5181.26361111111,2959.2643148148145
5,5319.551173835125,3173.255
6,6145.3073796296285,3882.9487129629615
