B2c gmv,Old_1_vs_New_Rs
month,Old priority,New priority
1,0.08992438,0.08992438
2,0.09340141,0.09340141
3,0.07650469,0.07650469
4,0.08177983,0.08177983
5,0.06866391,0.06866391
6,0.06490194,0.06490194
