Imperfect order rate,Old_1_vs_New_Rs
month,Old priority,New priority
1,0.0406074612083195,0.0406074612083195
2,0.03912915563401,0.03912915563401
3,0.0423113997260412,0.0423113997260412
4,0.0344723769381303,0.0344723769381303
5,0.0292551108326153,0.0292551108326153
6,0.0405760236317387,0.0405760236317387
