R burn per order,Old_1_vs_New_Rs
month,Old priority,New priority
1,6332.9357873885765,6332.9357873885765
2,7317.859296852014,7317.859296852014
3,8706.343361574754,8706.343361574754
4,6962.957198053089,6962.957198053089
5,6991.2784914232,6991.2784914232
6,8917.349963075409,8917.349963075409
