Healthy stores,Old_1_vs_New_Rs
month,Old priority,New priority
1,201.4516129032258,201.4516129032258
2,274.6896551724138,274.6896551724138
3,342.35483870967744,342.35483870967744
4,319.6666666666667,319.6666666666667
5,286.5806451612903,286.5806451612903
6,258.06666666666666,258.06666666666666
