Eff online rs,Old_1_vs_New_Rs
month,Old priority,New priority
1,259.03225806451616,259.03225806451616
2,342.0,342.0
3,421.06451612903226,421.06451612903226
4,389.9666666666666,389.9666666666666
5,355.2903225806452,355.2903225806452
6,320.2,320.2
