Orders per eff online,Old_1_vs_New_Rs
month,Old priority,New priority
1,1.5088418430884185,1.5088418430884185
2,1.3708408953418028,1.3708408953418028
3,1.5100743124186011,1.5100743124186011
4,1.7034789298230617,1.7034789298230617
5,2.318322135463955,2.318322135463955
6,2.537372475536124,2.537372475536124
