P2c gmv,Old_1_vs_New_Rs
month,Old priority,New priority
1,0.13554571,0.13554571
2,0.12667171,0.12667171
3,0.11316447,0.11316447
4,0.11729761,0.11729761
5,0.10408046,0.10408046
6,0.10386076,0.10386076
