R burn gmv,Old_1_vs_New_Rs
month,Old priority,New priority
1,0.152214136,0.152214136
2,0.175784875,0.175784875
3,0.203415537,0.203415537
4,0.173654317,0.173654317
5,0.177855107,0.177855107
6,0.213220436,0.213220436
