Daily orders,Old_1_vs_New_Rs
month,Old priority,New priority
1,390.8387096774193,390.8387096774193
2,468.82758620689657,468.82758620689657
3,635.8387096774194,635.8387096774194
4,664.3,664.3
5,823.6774193548387,823.6774193548387
6,812.4666666666667,812.4666666666667
