Daily online hours,Old_1_vs_New_Rs
month,Old priority,New priority
1,1833.3023118279573,1833.3023118279568
2,2496.231867816091,2496.2318678160914
3,3056.9496953405023,3056.9496953405014
4,2873.0537685185186,2873.0537685185186
5,2648.6974820788523,2648.6974820788523
6,2411.5254351851854,2411.525435185185
