P2c burn per order,Old_1_vs_New_Rs
month,Old priority,New priority
1,5639.438428524265,5639.438428524265
2,5273.296263606943,5273.296263606943
3,4843.527471969966,4843.527471969966
4,4703.241708063626,4703.241708063626
5,4091.282290279627,4091.282290279627
6,4343.686428161155,4343.686428161155
