B cancel rate,Old_1_vs_New_Rs
month,Old priority,New priority
1,0.0422535211267605,0.0422535211267605
2,0.0416159155501421,0.0416159155501421
3,0.0472739024052444,0.0472739024052444
4,0.0349381017881705,0.0349381017881705
5,0.0291110788863109,0.0291110788863109
6,0.0310910118711136,0.0310910118711136
