Ted gmv,priority_5
month,Old priority,New priority
1,0.300343545,0.30363493
2,0.292286288,0.27308906
3,0.267154299,0.250476429
4,0.215508171,0.216137796
5,0.254411304,0.239469687
