R burn per order,priority_5
month,Old priority,New priority
1,5.652489378,5.936812177
2,4.456176283,4.691318792
3,4.585688807,4.342183148
4,4.152822261,4.507649478
5,4.860398911,4.677400091
