R burn gmv,priority_5
month,Old priority,New priority
1,0.137632842,0.145893138
2,0.111906338,0.118088514
3,0.112222895,0.105988614
4,0.108700598,0.118707033
5,0.122176971,0.120971519
