B2c per order,priority_5
month,Old priority,New priority
1,1.995282441,1.539109707
2,2.945579448,1.921614094
3,2.777483087,2.374034694
4,0.7803296976,0.4410234103
5,1.473682528,0.7423826166
