B2c gmv,priority_5
month,Old priority,New priority
1,0.04858327,0.03782258
2,0.07397127,0.04837031
3,0.06797173,0.05794796
4,0.02042522,0.01161416
5,0.0370443,0.01920023
