B cancel rate,priority_5
month,Old priority,New priority
1,0.0653455412,0.05859341041
2,0.06742356971,0.0702471104
3,0.06299212598,0.06375803562
4,0.05901893478,0.05621301775
5,0.06139068699,0.06605650617
