Orders per eff online,priority_5
month,Old priority,New priority
1,0.4189867507,0.4253257329
2,0.4344648969,0.3801020408
3,0.3971908397,0.3457646483
4,0.2777184951,0.2762146103
5,0.3140403702,0.3013416365
