Daily orders,priority_5
month,Old priority,New priority
1,463.1290323,336.9677419
2,485.8965517,308.2758621
3,419.6129032,273.3548387
4,268.9333333,210.7333333
5,272.516129,212.2903226
