Daily online hours,priority_5
month,Old priority,New priority
1,8111.582151,5725.464444
2,8191.498132,5857.312682
3,7785.554839,5778.636828
4,7136.166731,5562.524509
5,6439.118647,5146.039919
