Healthy stores,priority_5
month,Old priority,New priority
1,794.516129,559.8387097
2,805.2758621,578.0344828
3,767.0645161,570.4516129
4,704.6333333,549.4666667
5,640.3548387,518.0645161
