Bad rating rate,priority_5
month,Old priority,New priority
1,0.03315455875,0.03331418725
2,0.03378042722,0.0322147651
3,0.03513222632,0.03139013453
4,0.02925136341,0.02831382474
5,0.03267045455,0.03160613888
