Active rs,Priority 0
month,Priority
1,113.25806451612904
2,154.0
3,205.8709677419355
4,199.06666666666663
5,189.51612903225808
6,187.16666666666663
7,168.93548387096774
8,176.6451612903226
9,199.8333333333333
