Aop,Priority 0
month,Priority
1,41605.43785077583
2,41629.62996469549
3,42800.7785500482
4,40096.65467409304
5,39308.84307198245
6,41822.21047017314
7,39159.94123887274
8,40330.64813271996
9,41255.364339059
