Aop,Priority 0
month,Priority
1,41605.43785077583
2,41629.629964695494
3,42800.77855004819
4,40096.654674093035
5,39308.843071982454
6,41822.21047017314
7,39159.94123887274
