Asp,Priority 0
month,Priority
1,25891.72045229449
2,25150.20807590468
3,25976.447516615088
4,25151.35817150885
5,25527.18340252213
6,25846.831541806845
7,24897.098980674324
8,24218.747962473284
9,24356.30657206871
