Asp,Priority 0
month,Priority
1,25891.72045229449
2,25150.208075904677
3,25976.447516615088
4,25151.358171508855
5,25527.18340252213
6,25846.831541806845
7,24897.098980674324
