B2c per order,Priority 0
month,Priority
1,3741.343182568504
2,3888.266328331862
3,3274.460199888387
4,3279.097596467459
5,2699.0988877575
6,2714.342537129728
7,2585.103039527697
