B2c gmv,Priority 0
month,Priority
1,0.08992438
2,0.09340141
3,0.07650469
4,0.08177983
5,0.06866391
6,0.06490194
7,0.06601397
