B2c per order,Priority 0
month,Priority
1,3741.343182568504
2,3888.2663283318634
3,3274.4601998883877
4,3279.0975964674594
5,2699.0988877575
6,2714.3425371297285
7,2585.1030395276966
8,3680.459919585612
9,3862.044174757282
