B2c gmv,Priority 0
month,Priority
1,0.0899243795002805
2,0.0934014146085216
3,0.0765046877841127
4,0.0817798298416682
5,0.0686639106323964
6,0.0649019386257823
7,0.066013966255944
8,0.0912571478512809
9,0.0936131394457434
