B cancel rate,Priority 0
month,Priority
1,0.0422535211267605
2,0.0416159155501421
3,0.0472739024052444
4,0.0349381017881705
5,0.0291110788863109
6,0.0310910118711136
7,0.0337536619538912
8,0.026211921870256
9,0.027500172306844
