Bad rating rate,Priority 0
month,Priority
1,0.0429184549356223
2,0.0383936451897616
3,0.0414996702348942
4,0.0342716644086507
5,0.0296075820474661
6,0.0416837613850824
7,0.0323785803237858
8,0.0362589198391712
9,0.0362210604929051
