Daily orders,Priority 0
month,Priority
1,390.8387096774194
2,468.82758620689657
3,635.8387096774194
4,664.3
5,823.6774193548387
6,812.4666666666667
7,699.3870967741935
