Daily online hours,Priority 0
month,Priority
1,1833.302311827957
2,2496.231867816092
3,3056.9496953405014
4,2873.0537685185186
5,2648.697482078853
6,2411.525435185185
7,2096.7926164874557
