Daily online hours,Priority 0
month,Priority
1,1833.3023118279607
2,2496.2318678161
3,3056.9496953404923
4,2873.053768518512
5,2648.697482078844
6,2411.5254351851763
7,2096.792616487453
8,2205.083315412181
9,2452.019962962954
