Daily online hours,Priority 0
month,Priority
1,1833.3023118279568
2,2496.2318678160923
3,3056.949695340502
4,2873.0537685185186
5,2648.6974820788537
6,2411.525435185185
7,2096.7926164874552
