Exposure per eff online,Priority 0
month,Priority
1,289.781195516812
2,251.13399879007864
3,332.5251666283613
4,336.49670912043763
5,375.988923188669
6,422.7689985425775
7,400.787341192629
