Healthy stores,Priority 0
month,Priority
1,201.4516129032258
2,274.6896551724138
3,342.35483870967744
4,319.6666666666667
5,286.5806451612903
6,258.06666666666666
7,232.4516129032258
8,243.9032258064516
9,273.2
