Imperfect order rate,Priority 0
month,Priority
1,0.0406074612083195
2,0.03912915563401
3,0.0423113997260412
4,0.0344723769381303
5,0.0292551108326153
6,0.0407401329285304
7,0.0348692403486924
