Orders per eff online,Priority 0
month,Priority
1,1.5088418430884185
2,1.3708408953418028
3,1.5100743124186011
4,1.7034789298230617
5,2.318322135463955
6,2.537372475536124
7,2.481515394300103
8,3.035737849131295
9,2.69823677581864
