Orders per eff online,Priority 0
month,Priority
1,1.5088418430884185
2,1.3708408953418028
3,1.5100743124186011
4,1.7034789298230617
5,2.318322135463955
6,2.5373724755361233
7,2.481515394300103
