P2c gmv,Priority 0
month,Priority
1,0.1355457055577917
2,0.1266717063802638
3,0.1131644712094731
4,0.117297608648196
5,0.1040804554534372
6,0.1038607567445292
7,0.1006307156286486
8,0.1013110040828395
9,0.1068390728669601
