P2c gmv,Priority 0
month,Priority
1,0.13554571
2,0.12667171
3,0.11316447
4,0.11729761
5,0.10408046
6,0.10386076
7,0.10063072
