P2c burn per order,Priority 0
month,Priority
1,5639.438428524265
2,5273.296263606943
3,4843.527471969966
4,4703.241708063626
5,4091.282290279627
6,4343.686428161155
7,3940.692910843596
