R burn gmv,Priority 0
month,Priority
1,0.1522141362891698
2,0.1757848749330227
3,0.2034155372055714
4,0.1736543174149624
5,0.1778551070205946
6,0.2132204362903081
7,0.1975755341570029
8,0.2069270438094661
9,0.2091686463980486
