R burn per order,Priority 0
month,Priority
1,6332.9357873885765
2,7317.859296852014
3,8706.343361574754
4,6962.957198053088
5,6991.2784914232
6,8917.349963075409
7,7737.04630782713
8,8345.501793023508
9,8629.3287154593
