R burn gmv,Priority 0
month,Priority
1,0.152214136
2,0.175784875
3,0.203415537
4,0.173654317
5,0.177855107
6,0.213220436
7,0.197575534
