R burn per order,Priority 0
month,Priority
1,6332.9357873885765
2,7317.859296852016
3,8706.343361574754
4,6962.957198053089
5,6991.2784914232
6,8917.349963075409
7,7737.04630782713
