Ted gmv,Priority 0
month,Priority
1,0.3776842213472421
2,0.3958579959218083
3,0.3930846961991574
4,0.3727317559048267
5,0.3505994731064284
6,0.3819831316606196
7,0.3642202160415956
8,0.3994951957435865
9,0.4096208587107522
