Ted per order,Priority 0
month,Priority
1,15713.717398481347
2,16479.42188879082
3,16824.331033433107
4,14945.296502584171
5,13781.659669460329
6,15975.378928366292
7,14262.84225819842
