Ted gmv,Priority 0
month,Priority
1,0.377684221
2,0.395857996
3,0.393084696
4,0.372731756
5,0.350599473
6,0.381983132
7,0.364220216
