Tri per order,Priority 0
month,Priority
1,7123.877599867943
2,7049.752427184466
3,7094.861600121759
4,6909.906568317527
5,6774.296898253309
6,6750.568228440141
7,6385.641529449749
