Tri gmv,Priority 0
month,Priority
1,0.1712246756161731
2,0.1693445854109943
3,0.1657647790641362
4,0.1723312486909813
5,0.1723351889509492
6,0.1614110816369815
7,0.163065656572307
8,0.158982021618894
9,0.1601253824590328
