Tri per order,Priority 0
month,Priority
1,7123.877599867943
2,7049.752427184466
3,7094.86160012176
4,6909.906568317527
5,6774.296898253308
6,6750.568228440141
7,6385.641529449749
8,6411.847973340095
9,6606.030993278567
