Tri gmv,Priority 0
month,Priority
1,0.171224676
2,0.169344585
3,0.165764779
4,0.172331249
5,0.172335189
6,0.161411082
7,0.163065657
