Bad rating rate,Old_2_vs_New_1
month,Old priority,New priority
1,0.02980670493,0.02806942482
2,0.02703170877,0.02740068571
3,0.02866311344,0.02911856798
4,0.02903790422,0.02959932212
5,0.02880533561,0.02898906821
