Daily online hours,Old_2_vs_New_1
month,Old priority,New priority
1,5213.580932,2850.768584
2,5160.888573,3093.27249
3,5255.907796,3122.311219
4,5368.987963,3189.752519
5,5339.300681,3181.725116
