R burn per order,Old_2_vs_New_1
month,Old priority,New priority
1,13050.97423,13582.90345
2,12414.79417,13495.60998
3,12940.98768,13937.90538
4,12860.25866,13791.23849
5,12889.33252,13786.81816
