B2c per order,Old_2_vs_New_1
month,Old priority,New priority
1,1822.404023,1895.433978
2,1734.23488,1819.438528
3,1763.092806,1846.649629
4,2070.873311,2093.408154
5,2062.720658,1996.672081
