B2c gmv,Old_2_vs_New_1
month,Old priority,New priority
1,0.0395543,0.0408289
2,0.03824366,0.03949262
3,0.03780883,0.03906951
4,0.04496405,0.04472646
5,0.04483866,0.04280897
