Healthy stores,Old_2_vs_New_1
month,Old priority,New priority
1,558.2258065,298.5483871
2,558.2758621,324.2068966
3,565.0,326.0
4,581.7333333,335.4666667
5,579.0,334.8709677
