R burn gmv,Old_2_vs_New_1
month,Old priority,New priority
1,0.283264366,0.292584743
2,0.273773299,0.292934866
3,0.277514369,0.294883846
4,0.279229721,0.294655045
5,0.28018357,0.295591584
