Ted gmv,Old_2_vs_New_1
month,Old priority,New priority
1,0.437339472,0.4478567
2,0.425077127,0.444042573
3,0.421500959,0.439518229
4,0.425425771,0.440469375
5,0.415521683,0.429090816
