Daily orders,Old_2_vs_New_1
month,Old priority,New priority
1,8199.064516,5730.032258
2,7962.551724,6205.482759
3,8745.645161,6840.774194
4,9293.6,6884.166667
5,10205.32258,7483.354839
