Orders per eff online,Old_2_vs_New_1
month,Old priority,New priority
1,13.58549361,17.7559976
2,13.42055097,18.0482399
3,14.53232204,19.77286713
4,15.1197397,19.47430457
5,16.75218427,21.22646171
