B cancel rate,Old_2_vs_New_1
month,Old priority,New priority
1,0.01063286543,0.009039100753
2,0.008790768859,0.007121979996
3,0.008814527359,0.00686448084
4,0.008161199074,0.006061896124
5,0.006930839967,0.005156514907
