Daily orders,Old_3_vs_New_2
month,Old priority,New priority
1,248.0322581,639.7096774
2,162.2068966,510.137931
3,134.9677419,470.8387097
4,65.23333333,422.0333333
5,81.25806452,503.0967742
