Daily online hours,Old_3_vs_New_2
month,Old priority,New priority
1,749.2794624,1612.047885
2,691.2983142,1658.838132
3,638.1753674,1743.960529
4,611.250037,2041.864713
5,579.4567563,2203.942724
