R burn per order,Old_3_vs_New_2
month,Old priority,New priority
1,9.342850826,10.94897282
2,7.877701956,9.608487901
3,8.067182122,9.847797342
4,6.646627491,9.658485902
5,7.637403732,10.00129392
