Healthy stores,Old_3_vs_New_2
month,Old priority,New priority
1,87.93548387,175.516129
2,82.51724138,181.8965517
3,75.87096774,190.9032258
4,74.0,221.0333333
5,70.16129032,234.4193548
