B2c per order,Old_3_vs_New_2
month,Old priority,New priority
1,3.598132397,3.333421915
2,2.67866284,2.405942274
3,3.021892925,2.552754179
4,1.350403679,2.011856883
5,1.488951965,1.642496794
