R burn per order,Old_2_vs_New_1
month,Old priority,New priority
1,1382.7600268550411,1284.255079006772
2,1441.719073697387,782.448275862069
3,1501.3790288444095,1493.7312954253955
4,1645.8837987976565,1673.1221140628943
5,1676.5028836509528,1710.519730105805
6,1713.9792324600187,1793.5125920512676
