B cancel rate,Old_2_vs_New_1
month,Old priority,New priority
1,0.0110017534928446,0.0184804928131416
2,0.0100810736950778,0.0133333333333333
3,0.0105747261116644,0.0097119000384922
4,0.0086646153846153,0.0067617307849606
5,0.0070844554431423,0.0071337903021071
6,0.007763482336857,0.0072691765216447
