Healthy stores,Old_2_vs_New_1
month,Old priority,New priority
1,83.7741935483871,9.181818181818182
2,87.03448275862068,3.357142857142857
3,80.6774193548387,77.7741935483871
4,88.3,70.06666666666666
5,85.03225806451613,80.51612903225806
6,90.03333333333333,79.03333333333333
