R burn gmv,Old_2_vs_New_1
month,Old priority,New priority
1,0.175693485,0.159608506
2,0.178986075,0.114728138
3,0.182897421,0.182419375
4,0.199662372,0.204231455
5,0.202999466,0.205730716
6,0.206808665,0.213395388
