Daily online hours,Old_2_vs_New_1
month,Old priority,New priority
1,923.7321594982078,98.40222222222224
2,949.6575670498084,29.47253968253968
3,883.4186559139785,859.9268100358423
4,975.92475,773.7963425925925
5,955.59582437276,887.153548387097
6,987.5597037037038,887.7044629629631
