Orders per eff online,Old_2_vs_New_1
month,Old priority,New priority
1,12.539531478770131,4.219047619047619
2,12.173333333333334,1.4215686274509804
3,12.542282897231702,12.866797642436149
4,13.964930924548351,16.151789759855006
5,14.2174688057041,14.599080107320813
6,13.897823033707866,14.129467831612391
