Eff online rs,Old_2_vs_New_1
month,Old priority,New priority
1,88.12903225806451,9.545454545454543
2,90.51724137931036,3.642857142857143
3,85.06451612903226,82.09677419354838
4,94.1,73.56666666666666
5,90.48387096774194,84.16129032258064
6,94.93333333333334,83.93333333333334
