Bad rating rate,Old_2_vs_New_1
month,Old priority,New priority
1,0.0215132231887442,0.0316027088036117
2,0.0200907526208731,0.0206896551724137
3,0.0201668984700973,0.0211628901239846
4,0.0210536996169748,0.0209274272729823
5,0.0217402206619859,0.0221586284754128
6,0.021500214749501,0.0207712631401427
