B2c gmv,Old_2_vs_New_1
month,Old priority,New priority
1,0.03177023,0.01153793
2,0.02419105,0.01276869
3,0.02720667,0.02730927
4,0.04627962,0.04838692
5,0.04943135,0.05077836
6,0.042251,0.04376465
