Ted gmv,Old_2_vs_New_1
month,Old priority,New priority
1,0.250829104,0.21868771
2,0.247980233,0.179736536
3,0.252198588,0.251720051
4,0.288740866,0.295102927
5,0.300083105,0.303865183
6,0.300705821,0.308680772
