Daily orders,Old_2_vs_New_1
month,Old priority,New priority
1,1105.0967741935483,40.27272727272727
2,1101.896551724138,5.178571428571429
3,1066.9032258064517,1056.3225806451612
4,1314.1,1188.2333333333331
5,1286.451612903226,1228.6774193548388
6,1319.3666666666666,1185.9333333333334
