B2c per order,Old_2_vs_New_1
month,Old priority,New priority
1,250.041129079339,92.837471783296
2,194.857048975121,87.08275862069
3,223.33573199492,223.620472729494
4,381.498414631053,396.399416500687
5,408.236584754263,422.189661056998
6,350.165887673379,367.826381471696
