Imperfect order rate,Old_2_vs_New_1
month,Old priority,New priority
1,0.0216299842372584,0.0383747178329571
2,0.0219058050383351,0.0275862068965517
3,0.0205599564612686,0.0217431136627374
4,0.020800040585445,0.0205066344993968
5,0.0198595787362086,0.0202945732363674
6,0.0195548369167024,0.0185226825566361
