Active rs,Priority 0,Priority 1,Priority 2,Priority 3,Priority 4,Priority 5
month,New Rs,Priority 1,Priority 2,Priority 3,Priority 4,Priority 5
1,82.83870967741936,24.06451612903226,110.4516129032258,172.2258064516129,100.36,134.72
2,94.58620689655172,14.96551724137931,115.24137931034484,150.72413793103448,97.51724137931036,190.6206896551724
3,75.03225806451613,95.93548387096774,152.61290322580646,38.83870967741935,83.12903225806451,196.2258064516129
4,56.333333333333336,100.43333333333334,176.73333333333332,28.5,65.46666666666667,150.03333333333333
5,39.516129032258064,103.6774193548387,174.80645161290323,29.838709677419356,64.48387096774194,152.4193548387097
6,30.6,110.43333333333334,176.33333333333334,32.53333333333333,64.7,162.96666666666667
7,29.677419354838708,123.74193548387096,198.3548387096774,39.74193548387097,41.29032258064516,155.03225806451613
