Aop,Priority 0,Priority 1,Priority 2,Priority 3,Priority 4,Priority 5
month,New Rs,Priority 1,Priority 2,Priority 3,Priority 4,Priority 5
1,36.3360732814527,39.4662424547284,44.7560161941441,43.9133533022705,42.7527567013329,41.3709725592682
2,36.9541334238669,38.2410588235294,42.0463363681716,43.2944904541888,39.4694163711584,41.0364192413966
3,37.4275823045267,43.4351127702112,44.2113037139349,42.5706627326373,41.2144560124935,41.1472458642327
4,37.5606466703357,42.1917794342508,41.4829462407992,42.5069298892989,40.5460726558665,38.1501872836009
5,37.0564406171511,41.2795472898896,41.515396482763,45.6196726572529,42.5731105822043,38.5868033536585
6,36.5539794608472,41.3748132367199,42.600320323793,43.5701884191176,40.1615333701048,37.4927996042962
7,37.7147883258499,40.9240123875599,42.333726299497,42.3420380622837,41.6836565867223,38.5319951198507
