Asp,Priority 0,Priority 1,Priority 2,Priority 3,Priority 4,Priority 5
month,New Rs,Priority 1,Priority 2,Priority 3,Priority 4,Priority 5
1,24.0834889753567,24.97453722334,24.2459841770683,28.6948465350196,25.5835681851472,28.9940246406571
2,23.9434595145137,25.1489839572193,24.3175046769768,27.2154040624183,26.3075265957447,29.8466980658126
3,25.2550473251029,24.7950509184056,28.5066436464088,30.690213345438,26.2923555439875,30.3614238448374
4,24.4248789212988,23.8570667686035,26.6553502891693,31.9047011070111,28.2996342660776,29.3187991816179
5,24.1889738069609,23.7223263898174,26.2534429560028,30.8117715019255,27.1324661296228,29.3721829268293
6,23.1078947368421,23.9211708424759,26.1717299797629,29.2162362132353,26.6117392903107,29.0394177501413
7,25.3103143040411,23.6726876190059,25.9478073003998,27.5511211072664,27.9369030239833,29.4794258647912
