B2c only daily orders,Priority 0,Priority 1,Priority 2,Priority 3,Priority 4,Priority 5
month,New Rs,Priority 1,Priority 2,Priority 3,Priority 4,Priority 5
1,0.0,0.0,0.0,0.0,0.0,0.0
2,0.0,0.0,0.0,0.0,0.0,0.0
3,0.0,0.0019249278152069,0.0213270142180094,0.0714285714285714,0.0148148148148148,0.0633245382585752
4,0.0,0.0009551098376313,0.0091911764705882,0.0222222222222222,0.0,0.0
5,0.0,0.0024855012427506,0.0018726591760299,0.0392156862745098,0.0113636363636363,0.0117647058823529
6,0.0,0.0022953328232593,0.0101180438448566,0.0410958904109589,0.0,0.0
7,0.0,0.0013568521031207,0.0065359477124183,0.021505376344086,0.0,0.0
