B2c per order,Priority 0,Priority 1,Priority 2,Priority 3,Priority 4,Priority 5
month,New Rs,Priority 1,Priority 2,Priority 3,Priority 4,Priority 5
1,3.58545233463,1.497067404427,3.818263885667,2.476569780342,2.626124212685,1.800849355983
2,4.858090307248,2.693561497326,2.728463145423,2.390877865923,1.991532210402,1.916165536297
3,4.162697530864,3.030235536674,2.695075966851,2.630231502497,2.863465642894,2.464142612664
4,3.757215189873,2.908088685015,2.32912723449,2.42815498155,1.108213058419,0.44519515266
5,3.057154646573,3.024927935396,1.661853850549,5.301655969191,2.39665140974,0.734847560976
6,4.730985237484,2.959225391642,2.577677941602,4.537959558824,0.300764846479,0.196661955907
7,2.368640153945,3.213995535226,2.320605357066,2.619615916955,0.278154327424,0.044481125305
