B2c gmv,Priority 0,Priority 1,Priority 2,Priority 3,Priority 4,Priority 5
month,New Rs,Priority 1,Priority 2,Priority 3,Priority 4,Priority 5
1,0.09867473,0.03793286,0.08531286,0.05639674,0.06142585,0.0435293
2,0.1314627,0.07043637,0.06489182,0.05522361,0.0504576,0.04669427
3,0.11122005,0.06976465,0.06095898,0.06178507,0.06947722,0.05988597
4,0.10003063,0.06892548,0.05614662,0.05712374,0.02733219,0.01166954
5,0.08249995,0.0732791,0.04002982,0.11621425,0.05629496,0.01904401
6,0.12942463,0.07152239,0.06050842,0.10415286,0.00748888,0.00524533
7,0.06280402,0.07853569,0.05481694,0.06186797,0.00667298,0.00115439
