B cancel rate,Priority 0,Priority 1,Priority 2,Priority 3,Priority 4,Priority 5
month,New Rs,Priority 1,Priority 2,Priority 3,Priority 4,Priority 5
1,0.071988388969521,0.0670339761248852,0.0080221113657813,0.0218813762048828,0.0314042786615469,0.0677909500751377
2,0.0725709112854556,0.0812854442344045,0.0101313772059044,0.0308571428571428,0.0310507346825616,0.0636763214245463
3,0.0769792046698285,0.0083260430178889,0.0286882306533744,0.0318201103097157,0.0344785869828212,0.0597245065789473
4,0.0609124537607891,0.0095037281505928,0.029830674246592,0.0284130284130284,0.0258877434135166,0.0554067390384886
5,0.0625794155019059,0.0116784978245935,0.0326309030412702,0.0319148936170212,0.0252172431419321,0.0660201912858661
6,0.0399184149184149,0.0105659460772407,0.0303754447453666,0.0299017513882956,0.0306707111560498,0.0552292890166187
7,0.0328870779976717,0.0105497523825377,0.0234745526284325,0.0268434670116429,0.0311209907907272,0.053867755935665
