Daily online hours,Priority 0,Priority 1,Priority 2,Priority 3,Priority 4,Priority 5
month,New Rs,Priority 1,Priority 2,Priority 3,Priority 4,Priority 5
1,1574.9699283154123,428.0401881720431,1095.3609318996416,3129.196370967742,1150.5022222222224,4107.117311111111
2,1616.6553352490423,279.09800766283524,1120.47096743295,1623.2733429118773,1285.0189463601534,5727.45422413793
3,1364.508575268817,921.36353046595,1642.3765412186383,911.1621953405016,971.4636738351252,5520.461227598566
4,890.1974999999999,990.391787037037,1952.19712037037,766.4339999999999,1061.112,5342.989490740741
5,634.0520519713261,976.3100448028674,2186.668010752688,669.0061917562723,862.6281720430107,5159.6440053763445
6,471.267,1085.057037037037,1853.5649907407408,694.9149166666667,802.4213333333333,5208.569962962963
7,372.3515412186379,1192.4969086021506,1992.761603942652,694.0414784946234,607.3473118279571,4654.2880286738355
