Imperfect order rate,Priority 0,Priority 1,Priority 2,Priority 3,Priority 4,Priority 5
month,New Rs,Priority 1,Priority 2,Priority 3,Priority 4,Priority 5
1,0.0348573281452658,0.0357142857142857,0.0234559881212008,0.0252200281044301,0.0310531712318734,0.0298674631323501
2,0.0339500933627567,0.0352941176470588,0.0215452731354452,0.0293784325690872,0.0288120567375886,0.0310223561919115
3,0.0401234567901234,0.0225228039485193,0.0335328422344996,0.0308669995460735,0.0308433107756376,0.0288648031945236
4,0.0280682443588332,0.021374872579001,0.0269453207150368,0.0250922509225092,0.0292096219931271,0.0316336166194523
5,0.0308575529242913,0.0229697569323742,0.0246968446447844,0.021181001283697,0.0280117173196631,0.0282012195121951
6,0.0365853658536585,0.0221207327652191,0.0270020237062734,0.025735294117647,0.0305203162346019,0.0286885245901639
7,0.0269403463758819,0.0221487820358495,0.0274732361666451,0.0214532871972318,0.0239833159541188,0.0277020238266111
