No burn orders,Priority 0,Priority 1,Priority 2,Priority 3,Priority 4,Priority 5
month,New Rs,Priority 1,Priority 2,Priority 3,Priority 4,Priority 5
1,0.0,0.0,0.0,0.0,0.0,0.0
2,0.0,0.0,0.0,0.0,0.0,0.0
3,0.0,0.0317613089509143,0.0876777251184834,0.1428571428571428,0.0777777777777777,0.1899736147757255
4,0.0,0.0229226361031518,0.0845588235294117,0.2,0.1571428571428571,0.2479674796747967
5,0.0,0.0223695111847555,0.095505617977528,0.1764705882352941,0.096590909090909,0.2509803921568627
6,0.0,0.0214231063504208,0.0556492411467116,0.0958904109589041,0.0710382513661202,0.3034825870646766
7,0.0,0.0210312075983717,0.0522875816993464,0.075268817204301,0.0978260869565217,0.2870813397129186
