P2c gmv,Priority 0,Priority 1,Priority 2,Priority 3,Priority 4,Priority 5
month,New Rs,Priority 1,Priority 2,Priority 3,Priority 4,Priority 5
1,0.10665079,0.11733546,0.08580268,0.09663734,0.10273908,0.10465026
2,0.10830623,0.11250108,0.07687965,0.09063335,0.09555413,0.10173409
3,0.08919865,0.05942789,0.07905918,0.07345561,0.07282473,0.08359382
4,0.08032279,0.0557762,0.07050648,0.07149744,0.0747134,0.0832117
5,0.09493824,0.06822585,0.08739945,0.07419594,0.08316105,0.09926096
6,0.09563204,0.06767311,0.08480302,0.06615762,0.08842316,0.11138577
7,0.08823126,0.07036159,0.08635,0.08609087,0.09261108,0.11850577
