P2c burn per order,Priority 0,Priority 1,Priority 2,Priority 3,Priority 4,Priority 5
month,New Rs,Priority 1,Priority 2,Priority 3,Priority 4,Priority 5
1,3.87527075227,4.630789738431,3.84018630226,4.243669846905,4.392378790098,4.329482919545
2,4.002362926498,4.302160427807,3.232507794961,3.923924679627,3.77146572104,4.174802813363
3,3.338489711934,2.581257028614,3.495309238797,3.127054017249,3.00143154607,3.439655447804
4,3.01697578426,2.353297336901,2.924816640379,3.039136531365,3.029334806087,3.174542020774
5,3.518073196986,2.816332058721,3.628422957273,3.384794608472,3.540424752838,3.830163109756
6,3.495731707317,2.799962239118,3.612636021972,2.8825,3.55120978121,4.176164499717
7,3.327623476588,2.879478671949,3.655517434112,3.645262975779,3.860368439347,4.566263815128
