R burn per order,Priority 0,Priority 1,Priority 2,Priority 3,Priority 4,Priority 5
month,New Rs,Priority 1,Priority 2,Priority 3,Priority 4,Priority 5
1,4.7918612191958,8.3638480885312,12.8515818291495,8.4982671400044,10.1506855134027,6.2466156430838
2,4.1502206756069,6.0963529411765,11.7678607508107,9.7642838462209,7.3988918439716,5.0987528259231
3,4.6713477366255,13.0285692865176,9.5142748618785,6.1231638674535,9.0572032795419,4.8820239589276
4,6.3615767749037,13.0733266437309,9.5736520767613,5.1349372693727,8.1088905252823,5.2116509285489
5,6.2922389666308,11.715960905955,9.9716767189385,6.1214505776637,9.5035682900037,4.6496097560976
6,5.2193677792041,11.6944547634842,10.2382763804568,6.9334926470588,9.6978194521052,4.0805553985302
7,6.7082103912765,11.1578505613797,10.4097962079195,8.5260380622837,9.608230795968,4.4418243146261
