R burn gmv,Priority 0,Priority 1,Priority 2,Priority 3,Priority 4,Priority 5
month,New Rs,Priority 1,Priority 2,Priority 3,Priority 4,Priority 5
1,0.131876144,0.211924104,0.287147582,0.19352353,0.237427626,0.150990302
2,0.112307347,0.159419041,0.279878386,0.225531788,0.187458861,0.124249457
3,0.124810299,0.299954771,0.215200052,0.143835296,0.219757924,0.118647648
4,0.169368138,0.30985483,0.230785249,0.120802356,0.199992009,0.13660879
5,0.169801494,0.283819995,0.240192255,0.134184448,0.223229361,0.120497407
6,0.142785214,0.282646708,0.240333319,0.159133869,0.241470348,0.108835708
7,0.177866845,0.272648011,0.245898415,0.201361069,0.230503549,0.115276261
