Ted gmv,Priority 0,Priority 1,Priority 2,Priority 3,Priority 4,Priority 5
month,New Rs,Priority 1,Priority 2,Priority 3,Priority 4,Priority 5
1,0.337201662,0.367192424,0.458263129,0.34655761,0.401592548,0.299169856
2,0.352076282,0.342356495,0.421649856,0.371388743,0.333470595,0.272677816
3,0.325228995,0.429147311,0.355218208,0.279075979,0.362059867,0.262127435
4,0.349721555,0.434556516,0.357438352,0.249423537,0.302037598,0.231490033
5,0.347239686,0.425324938,0.367621529,0.324594639,0.362685372,0.238802379
6,0.367841885,0.421842204,0.385644761,0.329444345,0.337382389,0.225466808
7,0.328902125,0.421545292,0.38706536,0.349319911,0.329787612,0.234936427
