Ted per order,Priority 0,Priority 1,Priority 2,Priority 3,Priority 4,Priority 5
month,New Rs,Priority 1,Priority 2,Priority 3,Priority 4,Priority 5
1,12.252584306096,14.4917052313883,20.5100320170758,15.2185067672509,17.1691885161857,12.3769479186112
2,13.0106739093533,13.0920748663102,17.7288316911948,16.0790863917706,13.1618897754137,11.189721175584
3,12.1725349794239,18.6400618518056,15.7046600675261,11.8804493871993,14.922100468506,10.7858220193953
4,13.1357677490369,18.3347126656473,14.8275959516299,10.6022287822878,12.2464383897889,8.831388101983
5,12.8674668101902,17.5572209000722,15.2619535267602,14.8079011553273,15.4406444525815,9.2146204268293
6,13.4460847240051,17.453642394244,16.4285903440301,14.3539522058824,13.5497940797941,8.4533818541549
7,12.4044740218089,17.251324768554,16.3859189990971,14.7909169550173,13.746753562739,9.0525692550596
