Tri per order,Priority 0,Priority 1,Priority 2,Priority 3,Priority 4,Priority 5
month,New Rs,Priority 1,Priority 2,Priority 3,Priority 4,Priority 5
1,8.3557976653696,8.3392002012072,8.3742074613707,9.0199186450706,8.5762223524242,9.2252790741086
2,8.6396588015617,8.3557967914439,7.7836595784485,8.5658469183158,8.2406397754137,9.2508716402914
3,8.5651008230453,7.7777861426965,8.7278867403315,9.0245755787562,8.2188183237897,9.3518014831717
4,8.0753164556962,7.4267077599388,7.9765615141956,9.2671217712177,8.1777123220422,8.4452754170601
5,7.9649515608181,7.5167954648769,8.0164141959241,9.8630744544288,8.3291266935189,8.7182225609756
6,8.0784210526316,7.5402079399908,8.1616357328708,9.3453952205882,7.6642415885273,8.558764838892
7,8.0300513149455,7.6090219080344,7.9913401264027,8.6452629757785,8.0898992005561,8.6921300416248
