Tri gmv,Priority 0,Priority 1,Priority 2,Priority 3,Priority 4,Priority 5
month,New Rs,Priority 1,Priority 2,Priority 3,Priority 4,Priority 5
1,0.229958741,0.211299574,0.187107973,0.205402639,0.200600453,0.222989176
2,0.233794112,0.21850328,0.185120994,0.197850739,0.208785448,0.225430771
3,0.228844619,0.179066788,0.197413014,0.211990488,0.199415912,0.227276487
4,0.214994074,0.176022625,0.192285318,0.218014375,0.201689382,0.221369173
5,0.214941085,0.18209491,0.193094969,0.216202219,0.195642897,0.225937932
6,0.22099977,0.182241498,0.191586253,0.214490585,0.190835383,0.228277561
7,0.21291519,0.185930496,0.188770062,0.204176827,0.194078444,0.225582143
