B cancel rate,priority_4
month,Old priority,New priority
1,0.034731543624161,0.0405355256772572
2,0.0318544569187068,0.036640219903792
3,0.0314818065088265,0.0340545482248971
4,0.031088238533396,0.0333101296826256
5,0.0293453528563736,0.0317989097516656
6,0.0258146245337462,0.0298725795896369
