Bad rating rate,priority_4
month,Old priority,New priority
1,0.0292337121638348,0.0326611406655944
2,0.0252923906242479,0.0296276435298454
3,0.0289181974257445,0.0325279065302652
4,0.0287483462380983,0.0305182772755348
5,0.0282096265467236,0.0325866056203134
6,0.0262672392934914,0.0317069609295145
