R burn per order,priority_4
month,Old priority,New priority
1,7598.507876673793,7000.994185327229
2,7163.559946094239,6487.679860575795
3,7888.999096926573,6971.773675982557
4,8200.234931789098,7567.903503846371
5,8598.694173307702,8083.867784811605
6,9358.736344664892,8812.67060222366
