Healthy stores,priority_4
month,Old priority,New priority
1,909.0967741935484,437.64516129032256
2,1015.4827586206897,492.1724137931034
3,1059.451612903226,497.5806451612903
4,1114.3,538.5666666666667
5,1082.8387096774193,568.0322580645161
6,1064.8666666666666,582.9
