B2c per order,priority_4
month,Old priority,New priority
1,1172.570912568921,842.6821415316094
2,1666.988569090822,1562.0999765391962
3,1838.232000555737,1579.8772935465292
4,1253.947285661613,609.8303105171542
5,1390.023105205203,265.6362680744703
6,2719.439125635132,462.5693276872692
