R burn gmv,priority_4
month,Old priority,New priority
1,0.174273396,0.1602048468024857
2,0.165441507,0.1489607048186905
3,0.176180088,0.1574743021514857
4,0.185925957,0.1762646408208196
5,0.195167245,0.1902783272129285
6,0.204861915,0.2032794084184148
