Ted gmv,priority_4
month,Old priority,New priority
1,0.317209878,0.2934274333107248
2,0.316712639,0.2965949158769641
3,0.323790363,0.3024124864796677
4,0.320344292,0.2983729585544385
5,0.321612825,0.2952266600453811
6,0.358330037,0.3114473173537262
