Daily online hours,priority_4
month,Old priority,New priority
1,8271.682912186381,4096.493127240142
2,9197.392423371646,4589.054090038311
3,9562.821442652332,4652.778862007164
4,9992.100481481482,5008.314064814824
5,9753.78541218638,5268.367894265229
6,9502.959787037038,5347.608046296287
