Daily orders,priority_4
month,Old priority,New priority
1,2866.774193548388,1042.967741935484
2,2865.793103448276,1028.8620689655172
3,3250.548387096774,1176.1612903225807
4,3073.8,1187.2666666666669
5,3456.8387096774195,1380.9354838709678
6,4408.533333333334,1597.9666666666667
