Orders per eff online,priority_4
month,Old priority,New priority
1,2.800819413803971,2.1011177540940995
2,2.5339349960363435,1.865745372686343
3,2.75041624587166,2.1024679967708453
4,2.491058404019666,1.9768009768009769
5,2.8662137584251632,2.188151707217338
6,3.722899366643209,2.4468660677827683
