B2c gmv,priority_4
month,Old priority,New priority
1,0.02689316,0.01928322746935
2,0.03849889,0.0358666763008072
3,0.04105209,0.0356853342992599
4,0.02843106,0.0142036061361409
5,0.03154979,0.0062525546040302
6,0.05952828,0.010669957329512
