Orders per eff online,priority_5
month,Old priority,New priority
1,0.8394033076207341,1.0687626183561318
2,0.702982785285095,0.9355477753353474
3,0.6437425547982647,0.8843666881560204
4,0.4847776311368368,0.6962840824097368
5,0.5918819829368733,0.7214103032517355
6,0.6642788902834236,0.7983827493261455
