Healthy stores,priority_5
month,Old priority,New priority
1,7930.548387096775,6523.677419354839
2,8003.068965517241,6554.310344827586
3,7536.419354838709,6065.258064516129
4,7138.566666666667,5695.166666666667
5,6903.612903225807,5523.967741935484
6,6636.433333333333,5404.533333333334
