B cancel rate,priority_5
month,Old priority,New priority
1,0.0690495610655645,0.0617503073107778
2,0.0722732715902538,0.0623644571647758
3,0.0803453897185099,0.0681288575387328
4,0.0865788877420004,0.0704536463141237
5,0.0840459219986178,0.075869474125288
6,0.0763089482009291,0.0701344507415892
