Bad rating rate,priority_5
month,Old priority,New priority
1,0.023782109960524,0.0221128980119605
2,0.0238118852052546,0.0218063207789193
3,0.0247924959873558,0.0225589181497147
4,0.0232370363489556,0.0201655233026537
5,0.0237439597926219,0.0212005394359478
6,0.0231351448907538,0.0210612198964663
