R burn per order,priority_5
month,Old priority,New priority
1,19.5528252116826,19.842559836485105
2,18.3755325441119,19.241400613264595
3,18.2782947612293,19.049489150504822
4,16.3993996384397,16.40726080906228
5,19.2907173682016,15.38411738032001
6,21.0764483435417,16.384681465226198
