B2c per order,priority_5
month,Old priority,New priority
1,8.900118964186,6.411343744949087
2,10.166437864594,7.5455344075644115
3,7.705885653141,5.59044550371253
4,1.718225996613,1.2402758111374237
5,1.831661842329,0.6466453090861978
6,1.072265010772,0.49106375196939
