Daily online hours,priority_5
month,Old priority,New priority
1,75771.05795698923,62690.55122759869
2,76498.25875478925,63283.97499999993
3,71882.84659498207,58602.495842294
4,67681.92512962963,54893.6580555554
5,65536.32684587814,53307.28854838686
6,62847.54612962963,51980.8643796297
