Daily orders,priority_5
month,Old priority,New priority
1,9021.41935483871,9579.870967741936
2,7649.0344827586205,8467.965517241379
3,6571.967741935484,7389.967741935484
4,4664.966666666666,5461.466666666666
5,5494.096774193548,5477.645161290323
6,5910.2,5924.0
