B2c gmv,priority_5
month,Old priority,New priority
1,0.03488527,0.0264369430791696
2,0.03911323,0.0305906942116279
3,0.02890294,0.0223052102905222
4,0.0065777,0.0051520627517897
5,0.0069229,0.0026513500492491
6,0.00409928,0.0020199165928317
