Ted gmv,priority_5
month,Old priority,New priority
1,0.164726996,0.1616524501005719
2,0.149315949,0.1486165308907776
3,0.136670312,0.1383777008560473
4,0.112225615,0.1169376993253188
5,0.122083795,0.1095480561671285
6,0.129011362,0.1156768050342007
