R burn gmv,priority_5
month,Old priority,New priority
1,0.076640052,0.0818200748252564
2,0.070696,0.078007437322627
3,0.06855753,0.0760051879849038
4,0.062780104,0.0681551929935235
5,0.072910652,0.0630773621966052
6,0.080575506,0.0673959131113701
