Daily orders,priority_4
month,Old priority,New priority
1,641.0967741935484,273.08
2,595.8620689655172,233.3793103448276
3,591.6451612903226,247.8709677419355
4,639.7333333333333,135.8
5,715.0,176.19354838709677
6,779.3,181.3
