Imperfect order rate,priority_4
month,Old priority,New priority
1,0.027774982389051,0.0310531712318734
2,0.0298032407407407,0.0288120567375886
3,0.0286789160896352,0.0308433107756376
4,0.0274072530220925,0.0292096219931271
5,0.0271599368373561,0.0280117173196631
6,0.025835151204072,0.030152601581173
