Healthy stores,priority_4
month,Old priority,New priority
1,260.80645161290323,118.72
2,267.9310344827586,126.06896551724138
3,261.1290322580645,93.25806451612904
4,242.3333333333333,103.6
5,229.74193548387092,81.61290322580645
6,239.46666666666667,78.23333333333333
