B cancel rate,priority_4
month,Old priority,New priority
1,0.0272351347497504,0.0314042786615469
2,0.0292598031217708,0.0310507346825616
3,0.0254627262501278,0.0344785869828212
4,0.024886546625677,0.0258877434135166
5,0.0257368376857838,0.0252172431419321
6,0.0264738422633159,0.0306707111560498
