R burn gmv,priority_4
month,Old priority,New priority
1,0.226252498,0.237427626
2,0.217636041,0.187458861
3,0.227164613,0.219757924
4,0.241865223,0.199992009
5,0.245219606,0.223229361
6,0.236258596,0.241470348
