R burn per order,priority_4
month,Old priority,New priority
1,9.8517374459092,10.1506855134027
2,9.1063923611111,7.3988918439716
3,9.9224202606183,9.0572032795419
4,10.2654887453105,8.1088905252823
5,10.4005400406046,9.5035682900037
6,10.0927670131314,9.6978194521052
