B2c gmv,priority_4
month,Old priority,New priority
1,0.05824565,0.06142585
2,0.05454772,0.0504576
3,0.06666694,0.06947722
4,0.04911723,0.02733219
5,0.04380585,0.05629496
6,0.05202269,0.00748888
