B2c per order,priority_4
month,Old priority,New priority
1,2.536196538191,2.626124212685
2,2.282402199074,1.991532210402
3,2.911973720081,2.863465642894
4,2.084683201334,1.108213058419
5,1.857944958268,2.39665140974
6,2.222365370632,0.300764846479
