Daily online hours,priority_4
month,Old priority,New priority
1,2580.75335125448,1150.5022222222224
2,2624.7985344827584,1285.0189463601532
3,2560.4700985663085,971.4636738351252
4,2417.3738703703707,1061.1120000000003
5,2250.8289964157702,862.6281720430109
6,2360.4370092592594,802.4213333333333
