Bad rating rate,priority_4
month,Old priority,New priority
1,0.0289825903190097,0.0335432840193349
2,0.0302662037037037,0.0289598108747044
3,0.0294967559020773,0.027980218636127
4,0.0279804085035431,0.0272459499263622
5,0.0276110985788405,0.0278286341999267
6,0.0286581975276957,0.0294171722743151
