Eff online rs,priority_4
month,Old priority,New priority
1,317.4193548387097,149.4
2,328.2758620689655,151.6206896551724
3,321.4193548387097,112.03225806451611
4,290.76666666666665,127.7
5,269.83870967741933,96.74193548387096
6,284.8333333333333,95.06666666666666
