Orders per eff online,priority_4
month,Old priority,New priority
1,2.019715447154472,1.8278447121820616
2,1.815126050420168,1.5392312940641346
3,1.840726615816941,2.21249640080622
4,2.2001604952424625,1.0634299138606107
5,2.64973102211596,1.8212737579193063
6,2.7359859566998246,1.9070827489481064
