B2c gmv,priority_5
month,Old priority,New priority
1,0.01084129,0.01087763
2,0.026973,0.02033842
3,0.02690625,0.01794375
4,0.00628281,0.00445456
5,0.00393188,0.0011348
