Daily orders,priority_5
month,Old priority,New priority
1,291.5806452,255.0322581
2,257.5862069,197.8275862
3,254.9677419,176.483871
4,196.3,158.5666667
5,195.5806452,151.7096774
