Ted gmv,priority_5
month,Old priority,New priority
1,0.148797248,0.164264123
2,0.153538305,0.142773078
3,0.149170841,0.131550398
4,0.1261392,0.121572221
5,0.137539342,0.128776799
