R burn per order,priority_5
month,Old priority,New priority
1,761.745879,876.8387301
2,680.8792503,610.3688339
3,692.2747976,588.512155
4,619.8488708,545.7820055
5,710.331519,613.3557304
