Healthy stores,priority_5
month,Old priority,New priority
1,476.1612903,351.8064516
2,497.8965517,360.3448276
3,460.3225806,322.483871
4,460.8333333,327.1
5,448.483871,322.483871
