Daily online hours,priority_5
month,Old priority,New priority
1,5221.022204,3842.535717
2,5377.313161,3867.331418
3,4998.759624,3481.874946
4,4950.556731,3522.353917
5,4939.784946,3581.739319
