B2c per order,priority_5
month,Old priority,New priority
1,95.91083084,91.75449026
2,246.7216867,174.1319505
3,250.5640182,156.1771157
4,57.44710477,37.92390162
5,35.60003299,9.605783542
