R burn gmv,priority_5
month,Old priority,New priority
1,0.086104,0.10395048
2,0.074437539,0.071290404
3,0.074338362,0.06761629
4,0.067790878,0.064107846
5,0.078453248,0.072460378
