Active rs,Priority 0,Priority 1,Priority 2,Priority 3,Priority 4,Priority 5
month,New Rs,Priority 1,Priority 2,Priority 3,Priority 4,Priority 5
1,113.25806451612904,29.612903225806452,528.6129032258065,446.8387096774194,590.4,502.96
2,154.0,16.82758620689655,519.4137931034483,451.2068965517241,541.3793103448276,605.2413793103449
3,205.8709677419355,322.19354838709677,574.9354838709677,107.48387096774194,592.2258064516129,544.8709677419355
4,199.06666666666663,330.2,737.3333333333334,84.5,533.9666666666667,460.53333333333336
5,189.51612903225808,349.7741935483871,699.4193548387096,89.3225806451613,588.7741935483871,502.93548387096774
6,187.16666666666663,418.6,822.6333333333333,147.93333333333334,483.43333333333334,468.4
7,168.93548387096774,497.1935483870968,843.4193548387096,118.38709677419357,452.2258064516129,432.0967741935484
