B2c only daily orders,Priority 0,Priority 1,Priority 2,Priority 3,Priority 4,Priority 5
month,New Rs,Priority 1,Priority 2,Priority 3,Priority 4,Priority 5
1,0.0,0.0,0.0,0.0,0.0,0.0
2,0.0,0.0,0.0,0.0,0.0,0.0
3,0.0,0.0007881462799495,0.0029211295034079,0.0220820189274447,0.0147874306839186,0.0253164556962025
4,0.0,0.000924072077622,0.0040050062578222,0.0119760479041916,0.0018939393939393,0.0009861932938856
5,0.0,0.0006703311435849,0.0017848036715961,0.0151515151515151,0.0026269702276707,0.005227781926811
6,0.0,0.0002388344877,0.0012974976830398,0.0085836909871244,0.0011904761904761,0.0014265335235378
7,0.0,0.0,0.0004065867046147,0.0,0.0,0.0
