B2c per order,Priority 0,Priority 1,Priority 2,Priority 3,Priority 4,Priority 5
month,New Rs,Priority 1,Priority 2,Priority 3,Priority 4,Priority 5
1,3741.343182568504,845.021015761821,1851.482250047088,1263.775070944159,715.172315912506,609.215427259734
2,3888.266328331862,1440.787768327258,1762.191483392662,1370.934593681783,1578.383936594245,1720.117117412088
3,3274.460199888387,1786.654777297022,1537.254681922388,2795.417854234528,1835.169110244148,1537.693842092953
4,3279.097596467459,2155.52407863669,1734.503691494111,3795.802272274267,900.487162061716,366.544620114185
5,2699.0988877575,1999.760335760868,1530.728429480914,4723.674350649351,1987.340881646801,494.662890752641
6,2714.342537129728,1906.480134875833,2662.634806253375,6091.7250655855,468.872866668026,74.302007112783
7,2585.103039527697,2312.751635531862,2312.406098244303,12647.647251845776,518.004930988179,4.468732287927
