B2c gmv,Priority 0,Priority 1,Priority 2,Priority 3,Priority 4,Priority 5
month,New Rs,Priority 1,Priority 2,Priority 3,Priority 4,Priority 5
1,0.08992438,0.01419907,0.03956852,0.02858614,0.01674305,0.0123045
2,0.09340141,0.03617363,0.03838902,0.03205632,0.03511262,0.03908574
3,0.07650469,0.0380324,0.03433749,0.05570307,0.0406377,0.03382576
4,0.08177983,0.04605492,0.03907043,0.07362436,0.02042406,0.00825355
5,0.06866391,0.04288239,0.03553287,0.09056195,0.04364181,0.01117597
6,0.06490194,0.04051735,0.05963022,0.11632087,0.01077882,0.00162144
7,0.06601397,0.04996671,0.05260943,0.23219633,0.01207604,9.988e-05
