Daily online hours,Priority 0,Priority 1,Priority 2,Priority 3,Priority 4,Priority 5
month,New Rs,Priority 1,Priority 2,Priority 3,Priority 4,Priority 5
1,1833.3023118279568,436.27126344086025,4665.602177419355,5923.435528673836,6180.910211111111,11002.268311111113
2,2496.2318678160923,269.1661781609195,4620.696561302681,4266.278342911878,6406.556379310345,14757.734693486593
3,3056.949695340502,2933.922204301076,5194.976191756273,1768.6449999999998,6435.7146326164875,12940.157840501794
4,2873.0537685185186,2959.264314814815,6881.344074074074,1497.3808333333334,6354.021129629629,12500.199333333332
5,2648.6974820788537,3173.255,6445.116756272401,1409.795448028674,6575.95059139785,12823.101469534053
6,2411.525435185185,3882.948712962963,7336.237407407408,1927.3473703703708,5420.9605648148145,11814.17908333333
7,2096.7926164874552,4515.4790053763445,7695.623458781364,1368.0249014336916,5259.65938172043,11314.288154121865
