Imperfect order rate,Priority 0,Priority 1,Priority 2,Priority 3,Priority 4,Priority 5
month,New Rs,Priority 1,Priority 2,Priority 3,Priority 4,Priority 5
1,0.0406074612083195,0.0322742056542406,0.0290632446995815,0.0279207349333846,0.0288654199365503,0.0304907098618389
2,0.03912915563401,0.0368570271364925,0.0264999954009032,0.0256806293504674,0.0283851346681105,0.0296313273524982
3,0.0423113997260412,0.0276864342071774,0.0278978718058768,0.0276872964169381,0.0297162094135414,0.0337799458718968
4,0.0344723769381303,0.0270044143311774,0.0270595103190137,0.0314929240582021,0.0296260114256588,0.0304787000439174
5,0.0292551108326153,0.0261464477849469,0.0256695764519885,0.0272727272727272,0.0304584392891136,0.0282467414588098
6,0.0407401329285304,0.025808737469844,0.0258028849862436,0.0261865013117099,0.030177599249638,0.0272247884560356
7,0.0348692403486924,0.0232811005611174,0.0249879929558674,0.023533634126333,0.0292117022915887,0.0255998488569809
