P2c gmv,Priority 0,Priority 1,Priority 2,Priority 3,Priority 4,Priority 5
month,New Rs,Priority 1,Priority 2,Priority 3,Priority 4,Priority 5
1,0.13554571,0.08330431,0.11256825,0.10784289,0.12731076,0.10527156
2,0.12667171,0.14123827,0.11150783,0.11358077,0.10841585,0.11192848
3,0.11316447,0.10619069,0.106927,0.09147158,0.10587398,0.1088561
4,0.11729761,0.10081415,0.10399214,0.08524664,0.10442416,0.10675965
5,0.10408046,0.09067736,0.0934986,0.07882786,0.09103295,0.0994867
6,0.10386076,0.09272212,0.09444139,0.07899054,0.09707262,0.09765554
7,0.10063072,0.0840765,0.08541593,0.06519815,0.08964156,0.08762224
