P2c burn per order,Priority 0,Priority 1,Priority 2,Priority 3,Priority 4,Priority 5
month,New Rs,Priority 1,Priority 2,Priority 3,Priority 4,Priority 5
1,5639.438428524265,4957.641981486115,5267.270720562102,4767.664566398923,5438.025776423443,5212.162934730824
2,5273.296263606943,5625.489671931956,5118.602173533118,4857.444746488735,4873.512959933645,4925.839434221727
3,4843.527471969966,4988.53912445915,4787.013085305725,4590.434751628664,4781.192644097659,4948.516789735708
4,4703.241708063626,4718.438897443794,4616.655978503485,4395.0047837353,4604.012593709516,4741.254194115064
5,4091.282290279627,4228.612032728468,4027.846475533154,4111.628733766234,4145.416828855962,4403.408343317721
6,4343.686428161155,4362.892847759103,4217.038607904142,4136.735368471262,4222.608445649736,4475.036667620488
7,3940.692910843596,3891.552037005386,3754.389855381824,3551.319062756358,3845.198758447619,3920.262610995655
