R burn gmv,Priority 0,Priority 1,Priority 2,Priority 3,Priority 4,Priority 5
month,New Rs,Priority 1,Priority 2,Priority 3,Priority 4,Priority 5
1,0.152214136,0.205045435,0.281061125,0.156138442,0.174978809,0.100093437
2,0.175784875,0.185146466,0.27138232,0.165590058,0.171740862,0.134557196
3,0.203415537,0.290191169,0.199215821,0.18065563,0.187571496,0.153950132
4,0.173654317,0.289289806,0.220607626,0.173623458,0.195550484,0.150540348
5,0.177855107,0.295299913,0.209160429,0.184969301,0.217535601,0.139532499
6,0.213220436,0.292369491,0.216905402,0.212049927,0.204723063,0.128249289
7,0.197575534,0.295450927,0.223078582,0.254151548,0.21764102,0.136829489
