Ted gmv,Priority 0,Priority 1,Priority 2,Priority 3,Priority 4,Priority 5
month,New Rs,Priority 1,Priority 2,Priority 3,Priority 4,Priority 5
1,0.377684221,0.302548812,0.433197902,0.292567473,0.319032623,0.217669496
2,0.395857996,0.362558367,0.42127917,0.311227148,0.315269334,0.285571414
3,0.393084696,0.434414254,0.340480316,0.327830278,0.334083177,0.296631991
4,0.372731756,0.436158881,0.363670202,0.332494459,0.320398704,0.265553551
5,0.350599473,0.428859666,0.338191901,0.354359106,0.35221036,0.250195169
6,0.381983132,0.425608964,0.370977015,0.407361344,0.312574495,0.22752627
7,0.364220216,0.429494141,0.361103937,0.551546033,0.319358615,0.224551609
