Tri gmv,Priority 0,Priority 1,Priority 2,Priority 3,Priority 4,Priority 5
month,New Rs,Priority 1,Priority 2,Priority 3,Priority 4,Priority 5
1,0.171224676,0.167202251,0.140066975,0.167028784,0.163925193,0.18971416
2,0.169344585,0.163943449,0.142292172,0.165210764,0.164649896,0.177235655
3,0.165764779,0.138794556,0.157242216,0.16182365,0.162850653,0.172452464
4,0.172331249,0.138328913,0.151500456,0.165630715,0.158793837,0.171277654
5,0.172335189,0.137701179,0.155751586,0.162461394,0.15528379,0.172454119
6,0.161411082,0.137416243,0.155442273,0.155451575,0.158080918,0.174931606
7,0.163065657,0.139719628,0.155683429,0.151401244,0.157136054,0.174935782
