R burn gmv,priority_4
month,Old priority,New priority
1,0.167431952,0.174978809
2,0.164977252,0.171740862
3,0.183473416,0.187571496
4,0.195045327,0.195550484
5,0.195657855,0.217535601
6,0.205527872,0.204723063
