Orders per eff online,priority_4
month,Old priority,New priority
1,2.656138954430452,2.5186353361720024
2,2.537804737810488,2.010701380524414
3,2.8993971049926373,2.7001953954634272
4,2.4984787700923508,2.037075492104694
5,2.866722639005498,2.9069172000825936
6,3.289582040724237,2.472797862148944
