Imperfect order rate,priority_4
month,Old priority,New priority
1,0.0294429282388826,0.0288654199365503
2,0.0271424525630133,0.0283851346681105
3,0.0297054370532206,0.0297162094135414
4,0.0280292253976464,0.0296260114256588
5,0.0275678331191897,0.0304584392891136
6,0.0272028943262289,0.0299329160124788
