B2c per order,priority_4
month,Old priority,New priority
1,894.421565794403,715.172315912506
2,1460.73064854149,1578.383936594245
3,1715.885375342571,1835.169110244148
4,1483.887904651063,900.487162061716
5,1391.863785806062,1987.340881646801
6,2655.973500111452,468.872866668026
