Bad rating rate,priority_4
month,Old priority,New priority
1,0.0306523251458233,0.0301803306061112
2,0.0263608043047295,0.0285464138423611
3,0.0296096130627263,0.0307701988421847
4,0.0281908702961334,0.0301781808142374
5,0.0281063411684679,0.0312255828159849
6,0.0280516452049861,0.0318088208306995
