Eff online rs,priority_4
month,Old priority,New priority
1,1134.741935483871,760.92
2,1199.448275862069,744.3448275862069
3,1161.0645161290322,759.4193548387096
4,1238.0333333333333,770.5
5,1191.0645161290322,781.1290322580645
6,1181.9333333333334,661.1
