R burn per order,priority_4
month,Old priority,New priority
1,7198.887140793065,7474.146226415094
2,7087.21986972529,7720.101214201783
3,8140.786283754,8470.593285930026
4,8666.279678003362,8621.729585660585
5,8632.163895397172,9906.036865508377
6,9474.518758251745,8905.346960830291
