Daily orders,priority_4
month,Old priority,New priority
1,3014.032258064516,1916.48
2,3043.9655172413795,1496.655172413793
3,3366.3870967741937,2050.5806451612902
4,3093.2,1569.5666666666666
5,3414.451612903226,2270.6774193548385
6,3888.0666666666666,1634.7666666666669
