Daily online hours,priority_4
month,Old priority,New priority
1,9266.157939068102,6180.910211111112
2,9869.588668582375,6406.5563793103465
3,9534.324489247312,6435.714632616489
4,10128.65149074074,6354.021129629629
5,9645.287159498208,6575.950591397849
6,9586.681944444446,5420.960564814814
