Healthy stores,priority_4
month,Old priority,New priority
1,1010.9354838709676,674.52
2,1077.5172413793102,669.4827586206897
3,1041.5806451612902,677.1612903225806
4,1113.7333333333331,682.9
5,1070.483870967742,705.7096774193549
6,1058.0666666666666,590.5
