P2c burn per order,priority_4
month,Old priority,New priority
1,5067.54697918339,5438.025776423443
2,4877.511662418578,4873.512959933645
3,4765.206155733149,4781.192644097659
4,4617.066306737359,4604.012593709516
5,4176.041663517497,4145.416828855962
6,4276.439438624166,4222.608445649736
