B2c gmv,priority_4
month,Old priority,New priority
1,0.02080249,0.01674305
2,0.03400308,0.03511262
3,0.03867186,0.0406377
4,0.03339673,0.02042406
5,0.03154818,0.04364181
6,0.05761523,0.01077882
