Ted gmv,priority_4
month,Old priority,New priority
1,0.30609561,0.319032623
2,0.312519704,0.315269334
3,0.32954137,0.334083177
4,0.332354837,0.320398704
5,0.321860793,0.35221036
6,0.35591061,0.312574495
