B cancel rate,priority_4
month,Old priority,New priority
1,0.0361737294886092,0.0378664810087414
2,0.0324165446403938,0.0346995006027208
3,0.0296409623247532,0.0287700016162922
4,0.0314975518490505,0.0330953545232273
5,0.0293093441671503,0.0256219631999575
6,0.0293630214652171,0.0299591637027418
