Daily orders,Old_2_vs_New_1
month,Old priority,New priority
1,1067.903226,1024.516129
2,1105.068966,1061.793103
3,1256.806452,1214.064516
4,1319.1,1255.2
5,1286.451613,1229.806452
