B2c per order,Old_2_vs_New_1
month,Old priority,New priority
1,250.7088355,255.8239924
2,195.1524948,199.8440179
3,322.6290393,329.6145446
4,380.315695,393.4251912
5,408.2365848,422.1276361
