Orders per eff online,Old_2_vs_New_1
month,Old priority,New priority
1,12.47832642,12.704
2,12.27384144,12.65598027
3,14.50521221,15.07248698
4,14.44270073,14.80188679
5,14.21746881,14.55670103
