R burn per order,Old_2_vs_New_1
month,Old priority,New priority
1,1338.563631,1371.577865
2,1406.290168,1449.562646
3,1553.110931,1596.846477
4,1634.297905,1674.02414
5,1676.502884,1711.174562
