Daily online hours,Old_2_vs_New_1
month,Old priority,New priority
1,890.7286828,843.6623297
2,932.603113,876.0769636
3,898.995233,840.2919176
4,959.0659259,892.2278519
5,955.5958244,890.4013082
