Aop,Priority 0,Priority 1,Priority 2,Priority 3,Priority 4,Priority 5
month,New Rs,Priority 1,Priority 2,Priority 3,Priority 4,Priority 5
1,256.0742038702484,258.0412591081317,242.1779739381619,260.2655935786042,236.9388976905472,237.0610069889553
2,249.473776119865,269.5058377896613,243.8042476188399,228.8464215000405,256.4214102820768,252.4606138946043
3,248.9144583998023,246.0862623176969,241.5083423555811,294.1365481224361,259.9938393778955,258.9331131884117
4,247.738900061091,246.2179054281655,239.9516461067263,288.9501756172054,255.4146049383941,249.2566932209988
5,250.125476220572,248.0169162782911,242.2053886032767,285.2675116076269,260.4673681617146,244.5020617619448
6,244.1552953156823,248.6610987893599,243.9047689507242,281.8481319506038,260.310609076372,243.1723089316791
7,238.5125773803376,246.6968783708077,242.7881986724292,277.5034311034688,258.6423083038416,252.8231157105265
