Asp,Priority 0,Priority 1,Priority 2,Priority 3,Priority 4,Priority 5
month,New Rs,Priority 1,Priority 2,Priority 3,Priority 4,Priority 5
1,187.9332919117971,202.3237219469542,182.98981097307,216.2538996184098,192.7125807634799,199.2261326090893
2,181.8750766182707,199.2420435446906,188.9745780505574,191.9175296311046,214.4868452564751,215.8084022345156
3,184.2639524119801,184.7867437807904,197.664698582632,250.3072448721994,215.9947432595568,224.3402274663437
4,178.8033672171536,179.1914759701522,187.9859861987796,239.6347630440316,214.6225038880249,217.2336390557224
5,177.6814273186917,183.2785545295812,193.6442812997558,238.1425482570883,217.1768818792372,214.7205242847967
6,173.5315943734628,183.423815671227,192.7617658991842,220.4780754929385,220.5275209859643,214.9629851232246
7,176.8531545662752,183.6215051539618,189.7320430276361,216.1594370225852,221.8766704813561,222.1533573676036
