"B2c, r burn & p2c daily orders",Priority 0,Priority 1,Priority 2,Priority 3,Priority 4,Priority 5
month,New Rs,Priority 1,Priority 2,Priority 3,Priority 4,Priority 5
1,0.0,0.0,0.0,0.0,0.0,0.0
2,0.0,0.0,0.0,0.0,0.0,0.0
3,0.0,0.1350195666698482,0.0826746296621582,0.0342801175318315,0.0419400098593151,0.0326853851691864
4,0.0,0.1707888618347582,0.1229129836967197,0.0702290076335877,0.0303017478522154,0.0318725099601593
5,0.0,0.1686311057507812,0.1272778376352649,0.0583941605839416,0.0286671022541653,0.0518005225491309
6,0.0,0.1681022608312365,0.141770889599867,0.1248081841432225,0.0092256850415385,0.0067457548267038
7,0.0,0.1621037843533233,0.150813885075505,0.1454918032786885,0.0033197899118025,0.0043252595155709
