B2c gmv,Priority 0,Priority 1,Priority 2,Priority 3,Priority 4,Priority 5
month,New Rs,Priority 1,Priority 2,Priority 3,Priority 4,Priority 5
1,0.12597413,0.01100266,0.03340917,0.03060262,0.02427746,0.03165732
2,0.14101632,0.04579171,0.02507461,0.02280728,0.02911507,0.03414732
3,0.11873719,0.03287341,0.03234771,0.02981325,0.02317745,0.02162799
4,0.12775809,0.04799872,0.04615268,0.03591485,0.00838427,0.00250279
5,0.13629085,0.03814451,0.02819813,0.03421223,0.00805531,0.00382705
6,0.13398822,0.03569879,0.03095736,0.04690416,0.00240683,0.00207778
7,0.11898464,0.03423714,0.03044689,0.0532723,0.00088966,0.00057147
