B2c per order,Priority 0,Priority 1,Priority 2,Priority 3,Priority 4,Priority 5
month,New Rs,Priority 1,Priority 2,Priority 3,Priority 4,Priority 5
1,32.258725370813,2.839141163898,8.090965063782,7.964808231446,5.752275019696,7.504715842839
2,35.179874315079,12.341134453782,6.113295981464,5.219365332224,7.465727196843,8.62085314412
3,29.555403195003,8.089694297581,7.812242969824,8.76916598296,6.025993123793,5.600203995294
4,31.650648265916,11.818143444364,11.074410437915,10.377601425299,2.141465058813,0.623837240018
5,34.089812845631,9.460484513512,6.829738146237,9.75963633364,2.098145241404,0.935721577153
6,32.71393462956,8.876899858955,7.550647144856,13.219850753906,0.626522391679,0.505259248863
7,28.379333450783,8.446195358291,7.392144970317,14.783246255084,0.23010464751,0.144479789486
