B p1p2,Priority 0,Priority 1,Priority 2,Priority 3,Priority 4,Priority 5
month,New Rs,Priority 1,Priority 2,Priority 3,Priority 4,Priority 5
1,0.0078532555192652,0.0088538739931358,0.0154134006041678,0.0067598555511113,0.0081597524914343,0.002153643061296
2,0.0074832994696599,0.0084105005525182,0.0147764176667053,0.0106360362539491,0.0070981521649476,0.0023391858077631
3,0.0080196255598499,0.0175117167183182,0.0133675131208872,0.004611629675833,0.0076269011375459,0.0018696997082989
4,0.0090165959356407,0.0180448006493541,0.0132427068536301,0.004485582306975,0.0076721190234334,0.0019278789972296
5,0.0084651117281851,0.0177226431834436,0.0124102945073693,0.0044175249346131,0.0078902393259753,0.0022104696946617
6,0.0081378492756719,0.0177062947312821,0.0121690226720031,0.0050381319411289,0.0076778804928788,0.0019302064441834
7,0.0081318797879304,0.0182111089384499,0.0125189436876243,0.0049396822183472,0.0078262617681129,0.001658910727953
