Daily online hours,Priority 0,Priority 1,Priority 2,Priority 3,Priority 4,Priority 5
month,New Rs,Priority 1,Priority 2,Priority 3,Priority 4,Priority 5
1,6062.451657706093,807.9504480286738,36111.71315412186,38525.361953405016,47223.70366666667,53131.80093333334
2,6961.306570881225,751.8383333333334,38767.87921455939,17259.31600574713,57309.73395593869,67793.64823754788
3,8192.263503584232,26476.8107437276,22235.253458781364,7257.573682795697,59891.97964157706,60341.955689964154
4,8692.251055555555,27613.316759259254,26138.561296296295,5598.212027777778,62244.219287037035,56963.18483333335
5,8797.669919354841,26240.974354838705,27169.251478494625,12442.148369175628,56413.35771505376,55286.17531362007
6,9818.90737962963,27201.42583333334,31946.79417592592,12959.817879629632,52053.420638888885,52039.81936111112
7,11802.445761648749,31427.29348566308,33559.99053763441,14518.569112903228,52346.9434139785,45388.89974910395
