Orders per eff online,Priority 0,Priority 1,Priority 2,Priority 3,Priority 4,Priority 5
month,New Rs,Priority 1,Priority 2,Priority 3,Priority 4,Priority 5
1,2.575806817322954,3.1143721633888046,12.860024037960525,2.2962575041512325,3.1451601511459546,0.7180709984086205
2,2.264176070652555,2.654275092936803,12.09932137225892,3.675994662313602,2.6242364339014443,0.6608320986148432
3,2.475843462298,15.896127607361963,5.06362140862313,1.1070742358078602,3.222926784126435,0.6498706307269912
4,2.6867667635346035,15.991490524425709,5.130762403633643,0.903966501012332,2.8196906767296,0.5909591337068867
5,3.2397430319162552,16.775100123609395,5.181332266453291,0.8360723575313312,3.1838860007739025,0.833082929600191
6,3.323550767068743,16.020359927426078,4.9836180602294045,1.1574209341809136,3.056249443039994,0.7994237578705968
7,3.0795091014536133,14.49900620913959,5.114112687366167,1.0376762859005593,2.833171369667687,0.6147479754431269
