P2c only daily orders,Priority 0,Priority 1,Priority 2,Priority 3,Priority 4,Priority 5
month,New Rs,Priority 1,Priority 2,Priority 3,Priority 4,Priority 5
1,0.0,0.0,0.0,0.0,0.0,0.0
2,0.0,0.0,0.0,0.0,0.0,0.0
3,0.0,0.0552257325570296,0.0869488845951168,0.1096963761018609,0.1086041484964544,0.1431245500359971
4,0.0,0.0586749171594383,0.0842663523865645,0.1175572519083969,0.1360616191967497,0.1685432184306253
5,0.0,0.0628985983955558,0.0946268796552208,0.1343065693430657,0.1396194054230643,0.1696012722935363
6,0.0,0.0602765891017282,0.0844309635600615,0.0818414322250639,0.1543122045256345,0.2351709699930216
7,0.0,0.0575467556414083,0.0741714061580702,0.0753073770491803,0.155385987513626,0.2254901960784313
