P2c burn per order,Priority 0,Priority 1,Priority 2,Priority 3,Priority 4,Priority 5
month,New Rs,Priority 1,Priority 2,Priority 3,Priority 4,Priority 5
1,13.406486553894,12.035311376664,12.249600898729,12.929300538454,13.188227385945,13.307193699077
2,10.436072810575,9.932079195314,9.769967690509,9.360855610262,9.797656367171,9.962204819735
3,9.905927606893,10.748034546979,9.465574842473,10.768432628589,10.138302308423,10.350617607344
4,11.566774493996,11.701989995802,10.468213438976,11.42356172054,10.96478480119,11.059546282394
5,12.051120398167,10.949102548836,10.254328864605,11.372658559004,10.851951629352,10.637727061614
6,11.498988717327,10.911838304614,10.467034388729,10.962750221737,11.070563129771,11.251538595408
7,9.727085092553,9.101340449239,8.960439056176,9.674685856949,9.565732179951,10.442648732165
