P2c gmv,Priority 0,Priority 1,Priority 2,Priority 3,Priority 4,Priority 5
month,New Rs,Priority 1,Priority 2,Priority 3,Priority 4,Priority 5
1,0.05235391,0.04664103,0.05058099,0.04967733,0.05566088,0.05613405
2,0.04183234,0.03685293,0.040073,0.04090453,0.0382092,0.03946043
3,0.03979651,0.04367588,0.03919357,0.03661032,0.03899439,0.0399741
4,0.04668938,0.04752697,0.04362635,0.03953471,0.04292936,0.04437011
5,0.0481803,0.0441466,0.04233733,0.03986664,0.04166338,0.04350772
6,0.04709703,0.04388237,0.04291443,0.03889595,0.04252828,0.04626982
7,0.04078227,0.03689281,0.0369064,0.0348633,0.03698441,0.04130417
