R burn & p2c daily orders,Priority 0,Priority 1,Priority 2,Priority 3,Priority 4,Priority 5
month,New Rs,Priority 1,Priority 2,Priority 3,Priority 4,Priority 5
1,0.0,0.0,0.0,0.0,0.0,0.0
2,0.0,0.0,0.0,0.0,0.0,0.0
3,0.0,0.0892049250739715,0.082440423912407,0.1116552399608227,0.0995411626407796,0.0758819294456443
4,0.0,0.0724969335261703,0.0744942054606167,0.1022900763358778,0.1243387362986161,0.1008141347652866
5,0.0,0.0886099080825247,0.0896144657328898,0.1160583941605839,0.1473783077425678,0.0929228672043621
6,0.0,0.106999210270161,0.1050816470686001,0.1232736572890025,0.1673475008032313,0.1007210979297511
7,0.0,0.1005004829221178,0.1014316532653461,0.1121926229508196,0.1558319294420771,0.1078431372549019
