R burn per order,Priority 0,Priority 1,Priority 2,Priority 3,Priority 4,Priority 5
month,New Rs,Priority 1,Priority 2,Priority 3,Priority 4,Priority 5
1,22.4757000337436,40.843084620616,38.8475970025807,23.1175851902945,25.2858145214262,17.0229648379504
2,21.9827523759403,47.9905805958747,38.94640589631,22.34867092645,24.6711509227809,18.0692514155732
3,25.1891751859258,42.4617896923463,26.5658259606522,24.2917046386873,27.8348006861226,18.64206411943
4,25.7181100840252,43.5062960178482,30.4230360310553,27.5142494273352,27.6858511903665,20.3396706428651
5,26.3031156580818,44.3287746863619,31.4770402926783,25.9926684578944,30.3403894117212,18.2080888383813
6,26.4107775953319,45.4485449545643,33.1253215179544,37.1874554820222,28.0860025689583,16.4525259641835
7,23.5530042707264,45.5278374093164,36.7035323642825,36.8860619688502,26.9698009950249,20.0826298212719
