R burn gmv,Priority 0,Priority 1,Priority 2,Priority 3,Priority 4,Priority 5
month,New Rs,Priority 1,Priority 2,Priority 3,Priority 4,Priority 5
1,0.087770262,0.158281217,0.160409291,0.088823055,0.106718714,0.071808371
2,0.088116485,0.178068798,0.159744575,0.097657944,0.096213303,0.071572556
3,0.101196111,0.172548395,0.10999962,0.082586488,0.107059462,0.071995674
4,0.103811352,0.176698343,0.126788195,0.095221432,0.108395725,0.081601302
5,0.105159682,0.178732868,0.129960116,0.09111682,0.116484417,0.074470083
6,0.108172045,0.18277304,0.135812521,0.131941465,0.107894191,0.067657893
7,0.098749527,0.18454971,0.151175109,0.132921102,0.104274514,0.079433519
