Ted per order,Priority 0,Priority 1,Priority 2,Priority 3,Priority 4,Priority 5
month,New Rs,Priority 1,Priority 2,Priority 3,Priority 4,Priority 5
1,68.1409119584513,55.7175371611775,59.1881629650919,44.0116939601945,44.2263169270673,37.834874379866
2,67.5986995015943,70.2637942449707,54.8296695682825,36.9288918689359,41.9345650256017,36.6522116600887
3,64.6505059878221,61.2995185369065,43.8436437729491,43.8293032502367,43.9990961183387,34.592885722068
4,68.9355328439375,67.0264294580134,51.9656599079466,49.3154125731738,40.7921010503692,32.0230541652764
5,72.4440489018802,64.7383617487099,48.5611073035209,47.1249633505385,43.2904862824774,29.7815374771481
6,70.6237009422195,65.2372831181329,51.14300305154,61.3700564576653,39.7830880904077,28.2093238084545
7,61.6594228140624,63.0753732168459,53.056155644793,61.3439940808836,36.7656378224855,30.6697583429229
