Ted gmv,Priority 0,Priority 1,Priority 2,Priority 3,Priority 4,Priority 5
month,New Rs,Priority 1,Priority 2,Priority 3,Priority 4,Priority 5
1,0.266098306,0.215924916,0.244399447,0.169103005,0.186657055,0.159599737
2,0.270965151,0.260713441,0.224892183,0.161369759,0.16353769,0.14517992
3,0.259729814,0.249097686,0.181540908,0.149010055,0.169231303,0.133597767
4,0.278258815,0.272224026,0.216567216,0.17067099,0.159709352,0.1284742
5,0.289630828,0.261023977,0.200495569,0.16519569,0.166203109,0.121804852
6,0.289257298,0.262354198,0.209684309,0.217741576,0.1528293,0.116005494
7,0.258516442,0.255679657,0.218528561,0.221056705,0.142148584,0.121309154
