Tri gmv,Priority 0,Priority 1,Priority 2,Priority 3,Priority 4,Priority 5
month,New Rs,Priority 1,Priority 2,Priority 3,Priority 4,Priority 5
1,0.239896542,0.219523938,0.212416863,0.232235804,0.230887067,0.24106849
2,0.238051855,0.210550589,0.209270845,0.22928603,0.23052845,0.238187894
3,0.233695169,0.205436548,0.226197496,0.235457659,0.226900796,0.238498462
4,0.233702431,0.205076,0.221991028,0.231001298,0.227260847,0.236333459
5,0.232776652,0.203419073,0.220163766,0.232048239,0.224200096,0.236890206
6,0.232876472,0.202772173,0.219402956,0.221375201,0.227109861,0.237841291
7,0.237889555,0.205270349,0.218064189,0.224160362,0.229820775,0.236147077
