Tri per order,Priority 0,Priority 1,Priority 2,Priority 3,Priority 4,Priority 5
month,New Rs,Priority 1,Priority 2,Priority 3,Priority 4,Priority 5
1,61.4313160018192,56.6462333624794,51.4426855870072,60.4429894200496,54.706127264119,57.1479390186493
2,59.3876951057177,56.7446129360835,51.0211209234957,52.471287556522,59.1124302442765,60.1330619812053
3,58.1701063877592,50.5551121575776,54.6285822541894,69.2567030609025,58.9928090454332,61.7551492005355
4,57.8971833031217,50.4933832363466,53.2671125465948,66.7478656146602,58.0457394902824,58.9076965854744
5,58.223370832675,50.4513711239568,53.3248505181943,66.1958236112093,58.3968089982932,57.9201437323978
6,56.8580238056646,50.4215514264935,53.5134273362814,62.3941867367128,59.1191061744007,57.8364159321844
7,56.7396508088865,50.6395543127362,52.9434117366893,62.2052695016699,59.4413756443299,59.703439851288
