R burn gmv,Old_2_vs_New_1
month,Old priority,New priority
1,0.17017452,0.178119726655339
2,0.174014916,0.1801240961965962
3,0.188758007,0.1938142273747482
4,0.199437019,0.2060568339167013
5,0.202999466,0.2088933134579194
6,0.205586282,0.2133953882583252
