R burn per order,Old_2_vs_New_1
month,Old priority,New priority
1,1338.5636308714695,1392.3397375525835
2,1406.2901675663868,1444.9793356955988
3,1553.110931444265,1587.327709919483
4,1634.297905137341,1686.5617529880478
5,1676.5028836509528,1721.38214849921
6,1730.4931681641767,1793.5125920512676
