Bad rating rate,Old_2_vs_New_1
month,Old priority,New priority
1,0.0206615314907113,0.0210648584165253
2,0.0195962180547321,0.0201344504420968
3,0.0227663560996894,0.0234156761789998
4,0.0209738963434665,0.0209631273563464
5,0.0217402206619859,0.0215903106898367
6,0.0209474187888776,0.0207712631401427
