Daily online hours,Old_2_vs_New_1
month,Old priority,New priority
1,890.728682795699,843.7663709677429
2,932.60311302682,880.4552681992359
3,898.9952329749107,846.6874910394258
4,959.065925925926,909.579925925925
5,955.5958243727598,914.6061290322572
6,948.989101851852,887.7044629629626
