Orders per eff online,Old_2_vs_New_1
month,Old priority,New priority
1,12.478326422917451,12.721246006389777
2,12.27384144006128,12.391054575297495
3,14.505212211466866,14.588094286855773
4,14.442700729927008,14.603279968762202
5,14.2174688057041,14.31047475508666
6,13.886304909560724,14.129467831612391
