B2c gmv,Old_2_vs_New_1
month,Old priority,New priority
1,0.03187316,0.0322813101305719
2,0.02414825,0.024332049381713
3,0.03921086,0.039744556003376
4,0.04641077,0.047955655914637
5,0.04943135,0.0502546463917813
6,0.042704,0.0437646514631014
