Daily orders,Old_2_vs_New_1
month,Old priority,New priority
1,1067.9032258064517,1027.548387096774
2,1105.0689655172414,1041.2758620689656
3,1256.8064516129032,1177.8709677419354
4,1319.1,1246.6333333333334
5,1286.451612903226,1225.1612903225807
6,1253.9333333333334,1185.9333333333334
