Ted gmv,Old_2_vs_New_1
month,Old priority,New priority
1,0.245197644,0.2532862473681294
2,0.243233813,0.249087344995856
3,0.270643456,0.27588651323271
4,0.288611387,0.2963940153784161
5,0.300083105,0.3059882224957447
6,0.300352349,0.3086807720239146
