B2c per order,Old_2_vs_New_1
month,Old priority,New priority
1,250.708835523335,252.3389841150248
2,195.152494773302,195.19492002516807
3,322.629039295706,325.50569644519913
4,380.315695044601,392.5139174844247
5,408.236584754263,414.1226434965771
6,359.454782285076,367.826381471696
