Healthy stores,Old_2_vs_New_1
month,Old priority,New priority
1,80.3225806451613,76.54838709677419
2,85.20689655172414,80.03448275862068
3,81.61290322580645,76.51612903225806
4,85.93333333333334,81.2
5,85.03225806451613,81.54838709677419
6,83.9,79.03333333333333
