B cancel rate,Old_2_vs_New_1
month,Old priority,New priority
1,0.0115003072601176,0.010825933584722
2,0.0108047577252504,0.0091580976863753
3,0.0103983124457128,0.008849088596863
4,0.0089241933902128,0.0082477435418611
5,0.0070844554431423,0.0069974554707379
6,0.0077816015203657,0.0072691765216447
