B2c per order,Old_3_vs_New_2
month,Old priority,New priority
1,207.463807,148.0209649
2,423.7294221,170.051935
3,127.2141434,165.9804152
4,104.3379074,169.6562992
5,114.137415,196.5091497
