Orders per eff online,Old_3_vs_New_2
month,Old priority,New priority
1,2.027173913,3.570199907
2,1.362768496,3.26875147
3,1.333333333,3.161641929
4,0.8211267606,2.950033164
5,0.9315589354,2.956274151
