Daily orders,Old_3_vs_New_2
month,Old priority,New priority
1,60.16129032,495.4516129
2,39.37931034,479.3793103
3,32.38709677,439.7741935
4,19.43333333,444.7666667
5,23.70967742,468.9032258
