R burn per order,Old_3_vs_New_2
month,Old priority,New priority
1,1292.70992,1281.24038
2,790.033275,1247.06366
3,693.7440239,1267.768943
4,527.5797599,1403.11684
5,678.0761905,1395.173225
