Healthy stores,Old_3_vs_New_2
month,Old priority,New priority
1,26.4516129,125.5483871
2,25.93103448,135.3793103
3,21.83870968,126.0
4,20.6,136.7
5,22.32258065,145.5806452
