B2c gmv,Old_3_vs_New_2
month,Old priority,New priority
1,0.0250728,0.01876492
2,0.05032739,0.02056144
3,0.01666912,0.01992219
4,0.01329744,0.02030427
5,0.01403707,0.02356967
