Daily online hours,priority_4
month,Old priority,New priority
1,2272.406765232975,1128.920430107529
2,2419.136522988505,1178.361992337166
3,2321.32729390681,1140.3934677419354
4,2491.3323240740738,1256.2997685185178
5,2514.0058333333336,1332.924829749108
6,2409.46250925926,1336.7841018518543
