Ted gmv,priority_4
month,Old priority,New priority
1,0.214103066,0.1668166688534707
2,0.208278916,0.1687944363250041
3,0.207840306,0.1775758099794221
4,0.215596512,0.1788338863896979
5,0.225427509,0.1811301606119556
6,0.23130044,0.1865618931669487
