Bad rating rate,priority_4
month,Old priority,New priority
1,0.0273553574549903,0.0242556468172484
2,0.0236811139439105,0.0215175537938844
3,0.0252928520200812,0.0219825232113599
4,0.0235096557514693,0.0208226221079691
5,0.0251857570201679,0.0238063214525891
6,0.0238745222613788,0.0216616787801054
