Healthy stores,priority_4
month,Old priority,New priority
1,221.51612903225808,108.0
2,237.3793103448276,112.51724137931036
3,226.2258064516129,109.09677419354838
4,242.46666666666667,119.53333333333332
5,245.74193548387092,124.25806451612904
6,233.4333333333333,123.8
