R burn gmv,priority_4
month,Old priority,New priority
1,0.15039744,0.1044856871923656
2,0.142263409,0.1027260465328414
3,0.140940647,0.113808251761313
4,0.15154464,0.1206466679292875
5,0.154169106,0.1222325898836195
6,0.157423712,0.126628253221117
