Daily orders,priority_4
month,Old priority,New priority
1,738.1935483870968,251.3548387096774
2,703.3103448275862,243.5862068965517
3,674.6774193548387,236.25806451612905
4,674.9,259.3333333333333
5,668.5806451612904,239.83870967741936
6,671.5666666666667,233.9
