B cancel rate,priority_4
month,Old priority,New priority
1,0.027788084930942,0.028415300546448
2,0.028069850386771,0.0270813782008312
3,0.0269684239056782,0.0256543145892718
4,0.0259387583107032,0.0204357995814354
5,0.0243957944563287,0.0262058488416255
6,0.0236847032390938,0.0252876639015252
