B2c gmv,priority_4
month,Old priority,New priority
1,0.01698183,0.0120644671407335
2,0.019027,0.0155828495664254
3,0.02302534,0.0175172442285871
4,0.02008359,0.0118078701067604
5,0.02197914,0.0076566886621278
6,0.01841333,0.0019114984776012
