B2c per order,priority_4
month,Old priority,New priority
1,135.872094039504,99.72548767967145
2,159.160031378702,131.94365798414495
3,196.177097776715,152.71777717094483
4,169.688003160962,99.6892030848329
5,185.243269323555,64.54445191661063
6,153.732962723979,16.27248111728659
