Orders per eff online,priority_4
month,Old priority,New priority
1,3.0170072511535926,2.123739438539112
2,2.7093517534537725,1.9492273730684329
3,2.684852374839538,1.953587623366231
4,2.509854964670881,1.956740442655936
5,2.4857279923242985,1.7404026217228463
6,2.599612903225806,1.685968284478616
