R burn per order,priority_4
month,Old priority,New priority
1,1203.334119909107,863.6839065708419
2,1190.0275544224355,869.8056342015855
3,1200.8218503466412,992.1962042599672
4,1280.4138390872722,1018.5723650385604
5,1299.3590176589792,1030.3978480161395
6,1314.330868119323,1077.979335898532
