Daily online hours,priority_4
month,Old priority,New priority
1,2561.741720430108,1327.8612888888892
2,2641.144521072797,1491.41316091954
3,2465.1500806451613,1403.7350716845876
4,2569.4753518518514,1533.955509259259
5,2504.293127240144,1492.885152329749
6,2417.7724629629624,1349.5810185185185
