B cancel rate,priority_4
month,Old priority,New priority
1,0.0313239703329651,0.0356531660011409
2,0.0295938191840238,0.028104072894939
3,0.0295429932856833,0.0269161496898138
4,0.027167379910564,0.0235368956743002
5,0.0244625986947195,0.025960296017855
6,0.0267489711934156,0.0250461376219351
