Healthy stores,priority_4
month,Old priority,New priority
1,246.83870967741936,128.72
2,255.24137931034485,140.48275862068965
3,238.2258064516129,133.6451612903226
4,247.1,144.96666666666667
5,244.80645161290323,137.74193548387098
6,232.96666666666667,125.0
