B2c per order,priority_4
month,Old priority,New priority
1,125.135221313195,101.423594132029
2,138.54231929875,145.098389152857
3,171.54334251607,172.588253934721
4,153.472203888917,110.912671992898
5,185.066818269789,109.326870152614
6,156.743805101988,18.851768669287
