Ted gmv,priority_4
month,Old priority,New priority
1,0.201748232,0.212731507
2,0.194732694,0.18787032
3,0.19859136,0.194926193
4,0.2092173,0.172529556
5,0.225633683,0.189299093
6,0.225854027,0.187121896
