R burn gmv,priority_4
month,Old priority,New priority
1,0.140139896,0.147470882
2,0.130387698,0.121757505
3,0.1340024,0.130044837
4,0.146771411,0.112764111
5,0.154363628,0.122824346
6,0.150814775,0.126895969
