Daily orders,priority_4
month,Old priority,New priority
1,768.8709677419355,392.64
2,719.8965517241379,297.55172413793105
3,702.5806451612904,305.38709677419354
4,656.5666666666667,300.4
5,666.7096774193549,257.8709677419355
6,638.9666666666667,237.46666666666667
