Imperfect order rate,priority_4
month,Old priority,New priority
1,0.0268093140339836,0.0269967400162999
2,0.0240935000239498,0.0239888747247653
3,0.0266758494031221,0.0242949191929861
4,0.0246738081941412,0.021415889924545
5,0.0249177472421134,0.0245183887915936
6,0.0234232354322082,0.0231611454239191
