B2c gmv,priority_4
month,Old priority,New priority
1,0.01547771,0.01299184
2,0.01646605,0.0164299
3,0.02019045,0.01940479
4,0.01839394,0.01317646
5,0.02196248,0.01300802
6,0.01839372,0.00221345
