Bad rating rate,priority_4
month,Old priority,New priority
1,0.0275225508705684,0.0310717196414017
2,0.0233750059874503,0.0231776567389036
3,0.025941230486685,0.0248230696102249
4,0.0235568868355587,0.0224145583666222
5,0.0252564350687052,0.0248936702526895
6,0.0232667327455788,0.0216170690623245
