R burn per order,priority_4
month,Old priority,New priority
1,1133.0125026221945,1151.2628361858192
2,1097.058150117354,1075.28450573647
3,1138.5194214876033,1156.6324073096018
4,1224.6063359902523,949.1903018197958
5,1300.7452583704276,1032.2867150362772
6,1285.1819082894256,1080.763335204941
