Eff online rs,priority_4
month,Old priority,New priority
1,271.96774193548384,145.6
2,280.2758620689655,153.24137931034485
3,264.8709677419355,147.06451612903226
4,274.8,160.63333333333333
5,267.93548387096774,153.83870967741936
6,256.3333333333333,139.96666666666667
