Orders per eff online,priority_4
month,Old priority,New priority
1,2.8270667773692324,2.696703296703297
2,2.5685285433070866,1.941719171917192
3,2.6525392765801974,2.0765518754112744
4,2.3892527899078115,1.8700975306080097
5,2.488321695160125,1.6762423988257495
6,2.4927178153446032,1.696594427244582
