Imperfect order rate,Old_3_vs_New_2
month,Old priority,New priority
1,0.0267275097783572,0.0192651881976749
2,0.0257608635174984,0.019107263722492
3,0.0268849362505902,0.0212302996418803
4,0.0274592928027748,0.0202642887911297
5,0.026401211858905,0.020584151948074
6,0.0261180930983641,0.0199456354645265
