Ted gmv,Old_3_vs_New_2
month,Old priority,New priority
1,0.170390743,0.244399447
2,0.181223963,0.224892183
3,0.19255646,0.181540908
4,0.183564016,0.216567216
5,0.180579913,0.200495569
6,0.20066309,0.209684309
