Eff online rs,Old_3_vs_New_2
month,Old priority,New priority
1,203.48387096774192,4643.193548387097
2,240.20689655172413,4964.379310344828
3,347.8709677419355,3372.774193548388
4,294.5,3830.866666666667
5,392.258064516129,4031.451612903226
6,405.9333333333333,4655.533333333334
