R burn gmv,Old_3_vs_New_2
month,Old priority,New priority
1,0.096562197,0.160409291
2,0.108842121,0.159744575
3,0.133767071,0.10999962
4,0.090635618,0.126788195
5,0.110739128,0.129960116
6,0.134065788,0.135812521
