Daily orders,Old_3_vs_New_2
month,Old priority,New priority
1,395.8709677419355,59711.58064516129
2,619.7586206896551,60065.62068965517
3,1024.6774193548388,17078.451612903227
4,345.96666666666664,19655.266666666663
5,447.1935483870968,20888.290322580644
6,474.76666666666665,23201.4
