P2c burn per order,Old_3_vs_New_2
month,Old priority,New priority
1,12.525015482399,12.249600898729
2,9.686905358037,9.769967690509
3,10.266639382969,9.465574842473
4,10.643523460834,10.468213438976
5,11.24770684556,10.254328864605
6,10.732688338131,10.467034388729
