B2c per order,Old_3_vs_New_2
month,Old priority,New priority
1,4.061971968709,8.090965063782
2,6.967652033606,6.113295981464
3,3.792494884307,7.812242969824
4,11.409545235572,11.074410437915
5,6.163942869509,6.829738146237
6,6.005517096117,7.550647144856
