P2c gmv,Old_3_vs_New_2
month,Old priority,New priority
1,0.05574874,0.05058099
2,0.04209995,0.040073
3,0.04293077,0.03919357
4,0.04485025,0.04362635
5,0.04511627,0.04233733
6,0.04270279,0.04291443
