B cancel rate,Old_3_vs_New_2
month,Old priority,New priority
1,0.0649341300122381,0.0099292984391266
2,0.0466541715211995,0.0093669394537427
3,0.034837919061652,0.0247737359633742
4,0.0576873329309304,0.0215848433057663
5,0.0573462783171521,0.022655453805603
6,0.0637096774193548,0.021786667611878
