Orders per eff online,Old_3_vs_New_2
month,Old priority,New priority
1,1.9454660748256185,12.860024037960525
2,2.5801033591731266,12.09932137225892
3,2.9455675074183976,5.06362140862313
4,1.17475947934352,5.130762403633643
5,1.140049342105263,5.181332266453291
6,1.1695680735752998,4.9836180602294045
