Healthy stores,Old_3_vs_New_2
month,Old priority,New priority
1,154.1290322580645,4231.387096774193
2,187.51724137931035,4536.758620689655
3,279.16129032258067,2888.1612903225805
4,235.13333333333333,3320.2
5,320.0967741935484,3464.870967741936
6,327.53333333333336,4016.233333333333
