Bad rating rate,Old_3_vs_New_2
month,Old priority,New priority
1,0.0204530638852672,0.0159881451644707
2,0.0209759083069048,0.0159038706518101
3,0.0230757122619235,0.0171126792487042
4,0.0229309182002119,0.0166740720892449
5,0.0209911274615884,0.017903224062872
6,0.0228884364249104,0.0175736521646682
