B2c gmv,Old_3_vs_New_2
month,Old priority,New priority
1,0.0180798,0.03340917
2,0.03028189,0.02507461
3,0.01585862,0.03234771
4,0.04807815,0.04615268
5,0.02472452,0.02819813
6,0.02389451,0.03095736
