Daily online hours,Old_3_vs_New_2
month,Old priority,New priority
1,1293.1074551971328,36111.71315412186
2,1548.4706896551725,38767.87921455939
3,2371.3252419354844,22235.253458781364
4,2061.7056388888886,26138.56129629629
5,2794.724112903225,27169.251478494625
6,2848.5037407407413,31946.794175925923
