R burn per order,Old_3_vs_New_2
month,Old priority,New priority
1,21.6945347131682,38.8475970025807
2,25.0438134980248,38.94640589631
3,31.9896030221942,26.5658259606522
4,21.5089632912612,30.4230360310553
5,27.6078071124576,31.4770402926783
6,33.6953696552693,33.1253215179544
