Ted gmv,Old_1_vs_New_Rs
month,Old priority,New priority
1,,0.377684221
2,,0.395857996
3,,0.393084696
4,0.383310588,0.372731756
5,0.350434853,0.350599473
