Daily orders,Old_1_vs_New_Rs
month,Old priority,New priority
1,0.0,390.8387097
2,0.0,468.8275862
3,0.0,635.8387097
4,259.3666667,664.3
5,721.4516129,823.6774194
