B2c gmv,Old_1_vs_New_Rs
month,Old priority,New priority
1,,0.08992438
2,,0.09340141
3,,0.07650469
4,0.14817976,0.08177983
5,0.07374734,0.06866391
