Orders per eff online,Old_1_vs_New_Rs
month,Old priority,New priority
1,,1.508841843
2,,1.370840895
3,,1.510074312
4,2.004379186,1.70347893
5,2.333333333,2.318322135
