B cancel rate,Old_1_vs_New_Rs
month,Old priority,New priority
1,,0.04225352113
2,,0.04161591555
3,,0.04727390241
4,0.03772266853,0.03493810179
5,0.02867783985,0.02911107889
