R burn per order,Old_1_vs_New_Rs
month,Old priority,New priority
1,,6332.935787
2,,7317.859297
3,,8706.343362
4,4522.752217,6962.957198
5,6858.637648,6991.278491
