Bad rating rate,Old_1_vs_New_Rs
month,Old priority,New priority
1,,0.04291845494
2,,0.03839364519
3,,0.04149967023
4,0.03033029174,0.03427166441
5,0.02745361055,0.02960758205
