B2c per order,Old_1_vs_New_Rs
month,Old priority,New priority
1,,3741.343183
2,,3888.266328
3,,3274.4602
4,5861.9315,3279.097596
5,2902.772278,2699.098888
