Daily online hours,Old_1_vs_New_Rs
month,Old priority,New priority
1,0.0,1833.302312
2,0.0,2496.231868
3,0.0,3056.949695
4,968.1468981,2873.053769
5,2320.194319,2648.697482
