Healthy stores,Old_1_vs_New_Rs
month,Old priority,New priority
1,0.0,201.4516129
2,0.0,274.6896552
3,0.0,342.3548387
4,101.7,319.6666667
5,249.3225806,286.5806452
