R burn gmv,Old_3_vs_New_2
month,Old priority,New priority
1,0.22048413,0.2465065138632002
2,0.192425479,0.2335290360870938
3,0.186527627,0.2343949590617888
4,0.165001508,0.2351102065479551
5,0.188086338,0.2325960126580584
6,0.185402648,0.240117442140298
