Orders per eff online,Old_3_vs_New_2
month,Old priority,New priority
1,2.0933841546419822,3.015312131919906
2,1.4677067082683308,2.4275398824517214
3,1.3099561678146523,2.323854903166308
4,0.6683743169398907,1.8334573597261496
5,0.8944444444444445,1.9797200799771493
6,1.151640890230102,2.391668957932362
