R burn per order,Old_3_vs_New_2
month,Old priority,New priority
1,9.3428508258551,11.458705357142856
2,7.8777019557823,10.160857083563918
3,8.0671821223709,10.43839804219856
4,6.6466274910577,9.944834808020133
5,7.4923214285714,9.653583898427357
6,7.2934687192925,10.219060182790136
