Ted gmv,Old_3_vs_New_2
month,Old priority,New priority
1,0.420323395,0.423835213504725
2,0.360616801,0.3819709209068444
3,0.339967343,0.3705861692630771
4,0.286440801,0.3548383493811667
5,0.328834613,0.3607613919970815
6,0.343797343,0.3853180603751132
