Healthy stores,Old_3_vs_New_2
month,Old priority,New priority
1,87.93548387096774,157.03225806451613
2,82.51724137931035,168.68965517241378
3,75.87096774193549,171.80645161290323
4,74.0,184.7
5,71.38709677419355,187.16129032258064
6,68.76666666666667,201.4333333333333
