Bad rating rate,Old_3_vs_New_2
month,Old priority,New priority
1,0.0379763298218233,0.0308035714285714
2,0.0321003401360544,0.0296762589928057
3,0.032982791586998,0.0308882862623189
4,0.0260602963719979,0.0276808182482344
5,0.0287267080745341,0.0287837252921656
6,0.030789387487717,0.0297177674311662
