B2c per order,Old_3_vs_New_2
month,Old priority,New priority
1,3.598132396931,3.4115111607142854
2,2.678662840136,2.532187327061428
3,3.02189292543,2.783547192274621
4,1.350403679101,2.0073747869145224
5,1.456005434783,1.5702315683162602
6,1.913252538487,2.568749784445594
