Daily online hours,Old_3_vs_New_2
month,Old priority,New priority
1,749.2794623655913,1445.3946684587852
2,691.2983141762453,1514.343227969351
3,638.1753673835125,1546.787267025088
4,611.2500370370368,1668.167231481482
5,593.836335125448,1706.405080645159
6,587.705638888889,1870.5297962962968
