B2c gmv,Old_3_vs_New_2
month,Old priority,New priority
1,0.08491317,0.0733904657657386
2,0.06543063,0.0581977741461547
3,0.06987155,0.0625047471405245
4,0.03352356,0.0474572287907706
5,0.03655139,0.0378335761705733
6,0.04863558,0.0603579601946439
