B cancel rate,Old_3_vs_New_2
month,Old priority,New priority
1,0.0426300578034682,0.0245736680436394
2,0.0586661570800687,0.0293717175646761
3,0.0540948275862068,0.0306324110671936
4,0.0620503597122302,0.0287460389316432
5,0.0662162162162162,0.0324950363997352
6,0.0607010544314619,0.0304981004643309
