Daily orders,Old_3_vs_New_2
month,Old priority,New priority
1,248.03225806451613,578.0645161290323
2,162.20689655172413,498.4827586206897
3,134.96774193548387,487.7096774193548
4,65.23333333333333,410.6333333333333
5,83.09677419354838,447.1612903225807
6,101.76666666666668,579.9
