"B2c, r burn & p2c daily orders",Priority 0,Priority 1,Priority 2,Priority 3,Priority 4,Priority 5
month,New Rs,Priority 1,Priority 2,Priority 3,Priority 4,Priority 5
1,0.0,0.0,0.0,0.0,0.0,0.0
2,0.0,0.0,0.0,0.0,0.0,0.0
3,0.0,0.1578449905482041,0.0931818181818181,0.05,0.0662460567823343,0.0363636363636363
4,0.0,0.1902356902356902,0.1371769383697813,0.1333333333333333,0.0431893687707641,0.0295566502463054
5,0.0,0.2157980456026058,0.1458773784355179,0.0655737704918032,0.0465116279069767,0.0376344086021505
6,0.0,0.2131423757371524,0.1715328467153284,0.108433734939759,0.0084033613445378,0.0078125
7,0.0,0.1945337620578778,0.1530249110320284,0.125,0.0,0.0
