B2c gmv,Priority 0,Priority 1,Priority 2,Priority 3,Priority 4,Priority 5
month,New Rs,Priority 1,Priority 2,Priority 3,Priority 4,Priority 5
1,0.04854326,0.01153793,0.03226631,0.01597114,0.01299184,0.0100671
2,0.09557629,0.01276869,0.024093,0.01726161,0.0164299,0.028717
3,0.12110743,0.02730927,0.02115862,0.0230985,0.01940479,0.01914836
4,0.15242677,0.04838692,0.02412232,0.05909608,0.01317646,0.00541308
5,0.15067002,0.05077836,0.02364818,0.02922968,0.01300802,0.00095073
6,0.12711433,0.04376465,0.02299838,0.04821054,0.00221345,0.00243773
7,0.13465176,0.04370695,0.02515823,0.05717596,1.025e-05,1.046e-05
