B2c per order,Priority 0,Priority 1,Priority 2,Priority 3,Priority 4,Priority 5
month,New Rs,Priority 1,Priority 2,Priority 3,Priority 4,Priority 5
1,399.433051869723,92.837471783296,254.915642013825,134.74207363404,101.423594132029,85.749642930014
2,925.37962962963,87.08275862069,194.058009269206,140.49264946096,145.098389152857,260.950394417476
3,1083.94847605225,223.620472729494,174.416526261812,229.310177705977,172.588253934721,176.682747603834
4,1288.768581081081,396.399416500687,201.304521808723,584.370179948586,110.912671992898,49.578715919085
5,1267.892753623188,422.189661056998,197.283102834452,280.376200640342,109.326870152614,8.085641784733
6,1044.850557244174,367.826381471696,188.853050365054,475.889425010052,18.851768669287,22.185125858124
7,1105.279185295579,351.55059709242,209.393733528551,518.629884338856,0.089405453733,0.09908347783
