Daily online hours,Priority 0,Priority 1,Priority 2,Priority 3,Priority 4,Priority 5
month,New Rs,Priority 1,Priority 2,Priority 3,Priority 4,Priority 5
1,264.71750000000003,98.40222222222222,862.870017921147,2451.990860215054,1327.8612888888886,3719.333022222222
2,325.0689463601533,29.47253968253968,976.7589655172412,1291.0608908045976,1491.41316091954,4853.370555555555
3,371.3060035842294,859.9268100358425,1200.3875537634406,209.09397849462368,1403.735071684588,4360.478181003585
4,333.89883333333336,773.7963425925926,1487.456212962963,83.1900925925926,1533.955509259259,4467.568481481483
5,275.1104659498208,887.1535483870969,1435.7348745519712,1144.6905107526884,1492.885152329749,3607.971738351255
6,257.6133888888889,887.7044629629631,1475.3029907407408,1164.7747500000005,1349.5810185185187,3537.034601851852
7,294.28137096774196,1042.6112096774193,1564.8312455197135,1323.7444713261648,890.063082437276,3313.806191756272
