Imperfect order rate,Priority 0,Priority 1,Priority 2,Priority 3,Priority 4,Priority 5
month,New Rs,Priority 1,Priority 2,Priority 3,Priority 4,Priority 5
1,0.0554885404101326,0.0383747178329571,0.0217776962133724,0.0235546038543897,0.0269967400162999,0.0365231585390736
2,0.0381944444444444,0.0275862068965517,0.0222215401614437,0.024093433518458,0.0239888747247653,0.0318567961165048
3,0.0283018867924528,0.0217431136627374,0.0260054208482895,0.0226171243941841,0.0242949191929861,0.0306709265175718
4,0.027027027027027,0.0205066344993968,0.0250766973456049,0.0359897172236503,0.021415889924545,0.0334212840809146
5,0.0284057971014492,0.0202945732363674,0.0240312200465562,0.0202774813233724,0.0245183887915936,0.029393106364982
6,0.0329280648429584,0.0186913261003991,0.0258631357505259,0.0297547245677523,0.0231611454239191,0.0256292906178489
7,0.0263288623944361,0.0187694704049844,0.0223133235724743,0.0253204126289465,0.0203397407241841,0.0282387911815704
