No burn orders,Priority 0,Priority 1,Priority 2,Priority 3,Priority 4,Priority 5
month,New Rs,Priority 1,Priority 2,Priority 3,Priority 4,Priority 5
1,0.0,0.0,0.0,0.0,0.0,0.0
2,0.0,0.0,0.0,0.0,0.0,0.0
3,0.0,0.052930056710775,0.1136363636363636,0.15,0.1924290220820189,0.3636363636363636
4,0.0,0.0488215488215488,0.1153081510934393,0.0666666666666666,0.2358803986710963,0.4137931034482758
5,0.0,0.0415309446254071,0.0887949260042283,0.180327868852459,0.2170542635658914,0.3440860215053763
6,0.0,0.037910699241786,0.0802919708029197,0.0602409638554216,0.1932773109243697,0.40625
7,0.0,0.0393890675241157,0.0889679715302491,0.1057692307692307,0.2068965517241379,0.408695652173913
