P2c burn per order,Priority 0,Priority 1,Priority 2,Priority 3,Priority 4,Priority 5
month,New Rs,Priority 1,Priority 2,Priority 3,Priority 4,Priority 5
1,415.648974668275,382.530474040632,342.138924573316,369.549285072874,408.047371638142,485.2175066313
2,508.954861111111,356.275862068966,360.869187563304,378.862218229337,438.767759879476,458.02260315534
3,399.634252539913,343.844408477371,356.74939564867,493.982229402262,404.473328403929,443.51821086262
4,445.60472972973,348.04550172525,359.609377084167,479.508997429306,392.162117177097,468.439753737907
5,504.791884057971,393.735855496338,400.049500205395,509.211312700107,449.365273955467,467.517445548742
6,555.479736575481,433.013491483501,457.971971290682,489.340973059912,494.087871982033,580.918306636156
7,447.477893691008,345.258229491173,370.606969253294,429.029696780244,426.181940098346,506.023036908595
