P2c gmv,Priority 0,Priority 1,Priority 2,Priority 3,Priority 4,Priority 5
month,New Rs,Priority 1,Priority 2,Priority 3,Priority 4,Priority 5
1,0.05051398,0.04754127,0.04330672,0.04380313,0.05226878,0.05696507
2,0.05256655,0.0522397,0.04480321,0.04654886,0.04968291,0.05040436
3,0.04465035,0.04199141,0.04327758,0.04975901,0.04547656,0.04806722
4,0.05270309,0.04248455,0.04309199,0.0484917,0.04658898,0.05114493
5,0.05998694,0.04735611,0.04795365,0.05308612,0.05346673,0.05497195
6,0.0675785,0.05152073,0.05577148,0.04957326,0.05801248,0.06383213
7,0.05451445,0.04292465,0.04452767,0.04729806,0.04887024,0.05343908
