R burn gmv,Priority 0,Priority 1,Priority 2,Priority 3,Priority 4,Priority 5
month,New Rs,Priority 1,Priority 2,Priority 3,Priority 4,Priority 5
1,0.164246052,0.159608506,0.176490975,0.120012292,0.147470882,0.091164479
2,0.165985642,0.114728138,0.179182447,0.132599105,0.121757505,0.071967741
3,0.117601778,0.182419375,0.143085335,0.046378279,0.130044837,0.073525984
4,0.073158759,0.204231455,0.161864929,0.201434663,0.112764111,0.092634806
5,0.073459794,0.205730716,0.167232428,0.097881572,0.122824346,0.073323823
6,0.078184864,0.213395388,0.157916307,0.134010313,0.126895969,0.070985064
7,0.083702584,0.208269957,0.180606117,0.127823811,0.155430991,0.092452662
