R burn only orders,Priority 0,Priority 1,Priority 2,Priority 3,Priority 4,Priority 5
month,New Rs,Priority 1,Priority 2,Priority 3,Priority 4,Priority 5
1,0.0,0.0,0.0,0.0,0.0,0.0
2,0.0,0.0,0.0,0.0,0.0,0.0
3,0.0,0.2523629489603025,0.3363636363636363,0.4,0.3091482649842271,0.2
4,0.0,0.1405723905723905,0.2326043737574552,0.2666666666666666,0.3687707641196013,0.2167487684729064
5,0.0,0.1400651465798045,0.2642706131078224,0.3770491803278688,0.3720930232558139,0.2580645161290322
6,0.0,0.16849199663016,0.2372262773722627,0.3975903614457831,0.4663865546218487,0.234375
7,0.0,0.1454983922829582,0.2473309608540925,0.2788461538461538,0.4896551724137931,0.2521739130434782
