Ted gmv,Priority 0,Priority 1,Priority 2,Priority 3,Priority 4,Priority 5
month,New Rs,Priority 1,Priority 2,Priority 3,Priority 4,Priority 5
1,0.26330329,0.21868771,0.252064009,0.17978657,0.212731507,0.158196648
2,0.314128491,0.179736536,0.248078657,0.19640957,0.18787032,0.151089103
3,0.283359553,0.251720051,0.207521541,0.11923579,0.194926193,0.140741564
4,0.278288619,0.295102927,0.22907924,0.309022448,0.172529556,0.149192814
5,0.28411675,0.303865183,0.238834261,0.180197381,0.189299093,0.129246505
6,0.272877695,0.308680772,0.236686162,0.231794115,0.187121896,0.137254932
7,0.272868795,0.294901557,0.250292021,0.232297829,0.20431148,0.145902202
