Tri per order,Priority 0,Priority 1,Priority 2,Priority 3,Priority 4,Priority 5
month,New Rs,Priority 1,Priority 2,Priority 3,Priority 4,Priority 5
1,1743.6103739445116,1715.0135440180588,1656.885085948492,1917.484768943842,1699.4555827220863,1993.9993878800244
2,2003.7372685185185,1410.8827586206896,1624.5713452625764,1760.8919470761189,1952.2182176381968,2136.6604975728155
3,1977.7184325108851,1627.7674830513652,1763.58039704051,2360.78352180937,1945.185169536284,2169.365814696486
4,1954.4011824324325,1546.3756557354056,1737.9580498866212,1894.19794344473,1881.486573457612,2096.8304309586633
5,1975.6197101449277,1567.528866601906,1714.3291797891277,2151.9498399146214,1841.604828621466,1977.3383379149927
6,1906.3287740628168,1555.568216313452,1707.3584333622075,2131.491757137113,1849.171813587872,2112.9688787185355
7,1906.7521112767015,1523.2291796469367,1705.9002635431918,2024.5917474210692,1845.7326776933392,2162.9390636611342
