Tri gmv,Priority 0,Priority 1,Priority 2,Priority 3,Priority 4,Priority 5
month,New Rs,Priority 1,Priority 2,Priority 3,Priority 4,Priority 5
1,0.211901652,0.2131436,0.209722595,0.227281841,0.217691569,0.234097715
2,0.206952666,0.206873677,0.201696383,0.21635175,0.221055188,0.235134685
3,0.220966584,0.198788314,0.213941491,0.237802594,0.218704998,0.235109571
4,0.231153257,0.188760012,0.208259509,0.191556113,0.223521206,0.22893499
5,0.234772743,0.188532661,0.205495417,0.224344342,0.219119268,0.232500726
6,0.231919965,0.185084334,0.207920803,0.215933282,0.21711733,0.232176044
7,0.232292016,0.189377311,0.204960444,0.223199594,0.211649969,0.228419371
