Active rs,Priority 3
month,Priority
1,446.8387096774194
2,451.2068965517241
3,107.48387096774194
4,84.5
5,89.3225806451613
6,147.93333333333334
7,118.38709677419357
