All 3 burns orders,Priority 3
month,Priority
1,0.0
2,0.0
3,0.167192429022082
4,0.2694610778443114
5,0.2676767676767677
6,0.3991416309012875
7,0.4347133757961783
