Aop,Priority 3
month,Priority
1,44209.35654850657
2,42766.436323571805
3,50184.27239413681
4,51556.33805062786
5,52159.591720779215
6,52370.00791795849
7,54469.62597415914
8,50106.26606696652
9,49503.11289520105
