Asp,Priority 3
month,Priority
1,31275.13683805493
2,29456.36031138021
3,33732.34843241042
4,34414.141319513656
5,33676.36542207792
6,31036.49110422132
7,24427.1198728466
8,25255.100049975008
9,25294.254964041796
