B2c & r burn daily orders,Priority 3
month,Priority
1,0.0
2,0.0
3,0.1577287066246056
4,0.2155688622754491
5,0.2272727272727272
6,0.3290414878397711
7,0.3821656050955414
