B2c and p2c orders,Priority 3
month,Priority
1,0.0
2,0.0
3,0.0220820189274447
4,0.0179640718562874
5,0.0101010101010101
6,0.0085836909871244
7,0.0
