B2c only orders,Priority 3
month,Priority
1,0.0
2,0.0
3,0.0220820189274447
4,0.0119760479041916
5,0.0151515151515151
6,0.0085836909871244
7,0.0
