B2c per order,Priority 3
month,Priority
1,1263.775070944159
2,1370.934593681783
3,2795.417854234528
4,3795.802272274267
5,4723.674350649351
6,6091.7250655855
7,12647.647251845776
