B2c gmv,Priority 3
month,Priority
1,0.02858614
2,0.03205632
3,0.05570307
4,0.07362436
5,0.09056195
6,0.11632087
7,0.23219633
