Bad rating rate,Priority 3
month,Priority
1,0.0267904381703621
2,0.0240331150376868
3,0.0274837133550488
4,0.026709188758222
5,0.0264610389610389
6,0.0253756260434056
7,0.0257383100902379
