Daily online hours,Priority 3
month,Priority
1,5923.435528673836
2,4266.278342911878
3,1768.6449999999998
4,1497.3808333333334
5,1409.795448028674
6,1927.3473703703708
7,1368.0249014336916
