Daily online hours,Priority 3
month,Priority
1,5923.4355286738355
2,4266.278342911877
3,1768.6449999999998
4,1497.3808333333332
5,1409.795448028674
6,1927.3473703703703
7,1368.024901433692
