Exposure per eff online,Priority 3
month,Priority
1,362.09158498089386
2,381.9733906091522
3,305.39324072748104
4,242.09059474412172
5,272.0931810067833
6,469.8899159663866
7,439.5877192982456
