Imperfect order rate,Priority 3
month,Priority
1,0.0279207349333846
2,0.0256806293504674
3,0.0276872964169381
4,0.0314929240582021
5,0.0272727272727272
6,0.0261865013117099
7,0.023533634126333
