No burn orders,Priority 3
month,Priority
1,0.0
2,0.0
3,0.085173501577287
4,0.0838323353293413
5,0.0656565656565656
6,0.0343347639484978
7,0.0270700636942675
