Orders per eff online,Priority 3
month,Priority
1,1.7271141385612228
2,2.8970825129765525
3,1.4068451954747243
4,0.8673928077455049
5,1.0996072831131738
6,2.936274509803922
7,3.640164240388205
