P2c only orders,Priority 3
month,Priority
1,0.0
2,0.0
3,0.1009463722397476
4,0.1077844311377245
5,0.0757575757575757
6,0.0400572246065808
7,0.0318471337579617
