P2c gmv,Priority 3
month,Priority
1,0.1078428852762838
2,0.1135807695019804
3,0.0914715812869886
4,0.0852466437670465
5,0.078827855014215
6,0.0789905431168115
7,0.0651981540031343
8,0.0820273466890933
9,0.0833875715106338
