P2c burn per order,Priority 3
month,Priority
1,4767.664566398923
2,4857.444746488735
3,4590.434751628664
4,4395.0047837353
5,4111.628733766234
6,4136.735368471262
7,3551.319062756358
