P2c gmv,Priority 3
month,Priority
1,0.10784289
2,0.11358077
3,0.09147158
4,0.08524664
5,0.07882786
6,0.07899054
7,0.06519815
