R burn only daily orders,Priority 3
month,Priority
1,0.0
2,0.0
3,0.2082018927444795
4,0.1317365269461078
5,0.1464646464646464
6,0.0786838340486409
7,0.0557324840764331
