R burn & p2c daily orders,Priority 3
month,Priority
1,0.0
2,0.0
3,0.2365930599369085
4,0.1616766467065868
5,0.1919191919191919
6,0.1015736766809728
7,0.0684713375796178
