R burn gmv,Priority 3
month,Priority
1,0.156138442
2,0.165590058
3,0.18065563
4,0.173623458
5,0.184969301
6,0.212049927
7,0.254151548
