Ted gmv,Priority 3
month,Priority
1,0.292567473
2,0.311227148
3,0.327830278
4,0.332494459
5,0.354359106
6,0.407361344
7,0.551546033
