Tri gmv,Priority 3
month,Priority
1,0.1670287837265168
2,0.165210763958227
3,0.1618236501237179
4,0.1656307150239086
5,0.1624613937335833
6,0.1554515754751499
7,0.1514012438454146
8,0.1551831564408542
9,0.1509423811524279
