Tri gmv,Priority 3
month,Priority
1,0.167028784
2,0.165210764
3,0.16182365
4,0.165630715
5,0.162461394
6,0.155451575
7,0.151401244
