Bad rating rate,Old_2_vs_New_1
month,Old priority,New priority
1,0.0240948413969881,0.0352112676056338
2,0.0220771144278606,0.0288770053475935
3,0.0239675626971016,0.0229289016618767
4,0.0211384876805437,0.02118374108053
5,0.0203936447711643,0.0216594914030537
6,0.0217520858164481,0.0223503597489411
