Imperfect order rate,Old_2_vs_New_1
month,Old priority,New priority
1,0.0236889885720388,0.0357142857142857
2,0.021299751243781,0.0352941176470588
3,0.024207839014867,0.0225228039485193
4,0.0214443500424808,0.021374872579001
5,0.0215793217927436,0.0229697569323742
6,0.0219417054935529,0.021942134000102
