B2c gmv,Old_2_vs_New_1
month,Old priority,New priority
1,0.08594028,0.03793286
2,0.06450091,0.07043637
3,0.06670139,0.06976465
4,0.07080023,0.06892548
5,0.07828684,0.0732791
6,0.07362078,0.07152239
