B2c per order,Old_2_vs_New_1
month,Old priority,New priority
1,3.85070853359,1.497067404427
2,2.714165733831,2.693561497326
3,2.855284276918,3.030235536674
4,2.946545794393,2.908088685015
5,3.209126452454,3.024927935396
6,3.007356972586,2.959225391642
