Eff online rs,Old_2_vs_New_1
month,Old priority,New priority
1,125.7741935483871,61.2258064516129
2,123.51724137931036,42.689655172413794
3,122.48387096774194,97.83870967741936
4,82.06666666666666,103.76666666666668
5,71.12903225806451,107.6774193548387
6,80.06666666666666,119.3
