Daily orders,Old_2_vs_New_1
month,Old priority,New priority
1,1510.1612903225807,64.12903225806451
2,1108.9655172413793,32.241379310344826
3,1074.032258064516,1032.645161290323
4,980.8333333333334,1046.4
5,1088.258064516129,1206.354838709677
6,1230.5333333333333,1306.4666666666667
