Ted gmv,Old_2_vs_New_1
month,Old priority,New priority
1,0.461105534,0.367192424
2,0.421036307,0.342356495
3,0.416104491,0.429147311
4,0.436934362,0.434556516
5,0.430981527,0.425324938
6,0.425532849,0.421842204
