B cancel rate,Old_2_vs_New_1
month,Old priority,New priority
1,0.0081115755493937,0.0670339761248852
2,0.0100419664268585,0.0812854442344045
3,0.0095544167462868,0.0083260430178889
4,0.0094942903752039,0.0095037281505928
5,0.0093835674514569,0.0116784978245935
6,0.0085808069059988,0.0105659460772407
