Healthy stores,Old_2_vs_New_1
month,Old priority,New priority
1,114.2258064516129,49.74193548387097
2,113.58620689655172,34.03448275862069
3,108.96774193548389,86.29032258064517
4,75.0,91.83333333333331
5,65.19354838709677,95.12903225806453
6,72.16666666666667,105.33333333333331
