R burn gmv,Old_2_vs_New_1
month,Old priority,New priority
1,0.285324325,0.211924104
2,0.279384728,0.159419041
3,0.286839988,0.299954771
4,0.311544534,0.30985483
5,0.287311487,0.283819995
6,0.286458927,0.282646708
