R burn per order,Old_2_vs_New_1
month,Old priority,New priority
1,12.7844680123892,8.3638480885312
2,11.7563687810945,6.0963529411765
3,12.2787496621114,13.0285692865176
4,12.9657807986406,13.0733266437309
5,11.7774436803415,11.715960905955
6,11.701644544371,11.6944547634842
