Orders per eff online,Old_2_vs_New_1
month,Old priority,New priority
1,12.00692485252629,1.047418335089568
2,8.97822445561139,0.7552504038772213
3,8.7687648143271,10.554566435872074
4,11.95166531275386,10.084163186636683
5,15.299773242630383,11.203415218693827
6,15.36885928393006,10.95110366024029
