Daily online hours,Old_2_vs_New_1
month,Old priority,New priority
1,1196.7814068100358,428.04018817204303
2,1158.0455172413792,279.09800766283524
3,1140.1621594982078,921.3635304659498
4,774.1415092592591,990.3917870370371
5,672.9741935483871,976.3100448028672
6,756.8731851851852,1085.057037037037
