Daily online hours,priority_4
month,Old priority,New priority
1,1974.739462365592,482.8988620071692
2,2106.340459770115,555.4789750957848
3,2237.386801075268,601.7966756272419
4,2369.8624166666664,687.1340277777771
5,2305.666774193549,782.3259229390684
6,2227.475462962963,794.7033425925932
