Daily orders,Old_1_vs_New_Rs
month,Old priority,New priority
1,0.0,26.741935483870968
2,0.0,29.79310344827586
3,0.0,44.45161290322581
4,20.8,39.46666666666667
5,52.064516129032256,55.64516129032258
6,86.1,65.8
