Orders per eff online,Old_1_vs_New_Rs
month,Old priority,New priority
1,,0.8298298298298298
2,,0.7926605504587156
3,,1.0184774575018478
4,1.583756345177665,0.9502407704654896
5,1.7486457204767063,1.568181818181818
6,1.921875,2.008138351983724
