R burn per order,Old_1_vs_New_Rs
month,Old priority,New priority
1,,1351.481302774427
2,,1607.0902777777776
3,,1052.5718432510885
4,358.599358974359,618.5574324324324
5,595.7156133828996,618.1663768115942
6,752.5524583817268,642.6616008105369
