R burn gmv,Old_1_vs_New_Rs
month,Old priority,New priority
1,,0.1642460519848082
2,,0.1659856421820612
3,,0.1176017781134843
4,0.043054676,0.0731587591784089
5,0.071029285,0.0734597935081927
6,0.093652633,0.078184864055611
