B2c gmv,Old_1_vs_New_Rs
month,Old priority,New priority
1,,0.0485432552171941
2,,0.0955762935101964
3,,0.1211074274734684
4,0.2498226,0.1524267680193296
5,0.1601212,0.1506700192140674
6,0.10797002,0.1271143299576859
