B2c per order,Old_1_vs_New_Rs
month,Old priority,New priority
1,,399.4330518697225
2,,925.3796296296296
3,,1083.9484760522496
4,2080.754807692308,1288.768581081081
5,1342.920693928129,1267.8927536231884
6,867.600851722803,1044.8505572441743
