Daily online hours,Old_1_vs_New_Rs
month,Old priority,New priority
1,0.0,264.7174999999995
2,0.0,325.068946360153
3,0.0,371.30600358422936
4,102.41521296296295,333.89883333333296
5,229.0952956989248,275.110465949821
6,356.1909814814815,257.6133888888889
