Healthy stores,Old_1_vs_New_Rs
month,Old priority,New priority
1,0.0,24.06451612903226
2,0.0,29.89655172413793
3,0.0,34.774193548387096
4,8.933333333333334,33.43333333333333
5,24.83870967741936,29.580645161290324
6,38.66666666666666,27.5
