Ted gmv,Old_1_vs_New_Rs
month,Old priority,New priority
1,,0.2633032898672826
2,,0.3141284906838193
3,,0.2833595532046363
4,0.350224503,0.2782886189427695
5,0.292392641,0.2841167498293426
6,0.267781586,0.2728776951016237
