Active rs,Priority 0
month,Priority
1,82.83870967741936
2,94.58620689655172
3,75.03225806451613
4,56.333333333333336
5,39.516129032258064
6,30.6
7,29.677419354838708
