Aop,Priority 0
month,Priority
1,36.336073281452656
2,36.95413342386692
3,37.42758230452674
4,37.56064667033572
5,37.056440617151054
6,36.55397946084724
7,37.7147883258499
8,38.01587248322148
9,35.07901833234772
