Aop,Priority 0
month,Priority
1,36.3360732814527
2,36.9541334238669
3,37.4275823045267
4,37.5606466703357
5,37.0564406171511
6,36.5539794608472
7,37.7147883258499
