Asp,Priority 0
month,Priority
1,24.08348897535668
2,23.943459514513663
3,25.25504732510288
4,24.424878921298845
5,24.188973806960888
6,23.107894736842105
7,25.310314304041047
8,24.232320230105465
9,23.2166351271437
