Asp,Priority 0
month,Priority
1,24.0834889753567
2,23.9434595145137
3,25.2550473251029
4,24.4248789212988
5,24.1889738069609
6,23.1078947368421
7,25.3103143040411
