B2c gmv,Priority 0
month,Priority
1,0.09867473
2,0.1314627
3,0.11122005
4,0.10003063
5,0.08249995
6,0.12942463
7,0.06280402
