B2c per order,Priority 0
month,Priority
1,3.58545233463
2,4.858090307248
3,4.162697530864
4,3.757215189873
5,3.057154646573
6,4.730985237484
7,2.368640153945
