B cancel rate,Priority 0
month,Priority
1,0.071988388969521
2,0.0725709112854556
3,0.0769792046698285
4,0.0609124537607891
5,0.0625794155019059
6,0.0399184149184149
7,0.0328870779976717
