Bad rating rate,Priority 0
month,Priority
1,0.0350194552529182
2,0.0371753522322186
3,0.0440329218106995
4,0.0275178866263071
5,0.0304987441693577
6,0.0365853658536585
7,0.0307889672867222
8,0.0191754554170661
9,0.0313424009461856
