Daily orders,Priority 0
month,Priority
1,198.96774193548387
2,203.13793103448276
3,156.7741935483871
4,121.13333333333334
5,89.90322580645162
6,103.86666666666666
7,100.58064516129032
