Daily online hours,Priority 0
month,Priority
1,1574.9699283154114
2,1616.6553352490407
3,1364.5085752688174
4,890.1975000000016
5,634.0520519713272
6,471.267000000001
7,372.35154121863775
8,251.6620609319
9,254.2766388888884
