Daily online hours,Priority 0
month,Priority
1,1574.9699283154123
2,1616.655335249042
3,1364.5085752688174
4,890.1975000000001
5,634.0520519713261
6,471.267
7,372.3515412186379
