Daily online hours,Priority 0
month,Priority
1,1574.9699283154123
2,1616.6553352490423
3,1364.508575268817
4,890.1974999999999
5,634.0520519713261
6,471.267
7,372.3515412186379
