Exposure per eff online,Priority 0
month,Priority
1,177.50542386500604
2,207.8055234239445
3,229.5303430079156
4,191.82453416149067
5,181.5882800608828
6,244.75189283634245
7,311.2750677506775
