Healthy stores,Priority 0
month,Priority
1,170.06451612903226
2,167.51724137931035
3,137.03225806451613
4,97.9
5,69.0
6,47.23333333333333
7,39.45161290322581
8,27.548387096774192
9,25.4
