Imperfect order rate,Priority 0
month,Priority
1,0.0348573281452658
2,0.0339500933627567
3,0.0401234567901234
4,0.0280682443588332
5,0.0308575529242913
6,0.0365853658536585
7,0.0275817831943553
8,0.0258868648130393
9,0.0313424009461856
