Orders per eff online,Priority 0
month,Priority
1,0.8260345520289273
2,0.851792943898207
3,0.8014511873350924
4,0.9404761904761904
5,1.0605022831050228
6,1.8147932440302856
7,2.1124661246612466
