Overdue orders per total orders,Priority 0
month,Priority
1,0.1543079668992374
2,0.1786199864038069
3,0.189562706270627
4,0.1895172413793103
5,0.1880832735104091
6,0.127652733118971
7,0.1088981689688403
