P2c gmv,Priority 0
month,Priority
1,0.10665079
2,0.10830623
3,0.08919865
4,0.08032279
5,0.09493824
6,0.09563204
7,0.08823126
