P2c burn per order,Priority 0
month,Priority
1,3.87527075227
2,4.002362926498
3,3.338489711934
4,3.01697578426
5,3.518073196986
6,3.495731707317
7,3.327623476588
