R burn per order,Priority 0
month,Priority
1,4.79186121919585
2,4.150220675606858
3,4.671347736625513
4,6.361576774903687
5,6.292238966630785
6,5.219367779204108
7,6.70821039127646
8,7.774736337488014
9,5.377989355411
