R burn gmv,Priority 0
month,Priority
1,0.1318761436349755
2,0.1123073467317847
3,0.1248102989559261
4,0.1693681376345384
5,0.1698014936631153
6,0.1427852139818194
7,0.177866844520472
8,0.2045129002607908
9,0.1533107142411607
