R burn gmv,Priority 0
month,Priority
1,0.131876144
2,0.112307347
3,0.124810299
4,0.169368138
5,0.169801494
6,0.142785214
7,0.177866845
