R burn per order,Priority 0
month,Priority
1,4.7918612191958
2,4.1502206756069
3,4.6713477366255
4,6.3615767749037
5,6.2922389666308
6,5.2193677792041
7,6.7082103912765
