Ted per order,Priority 0
month,Priority
1,12.252584306096
2,13.0106739093533
3,12.1725349794239
4,13.1357677490369
5,12.8674668101902
6,13.4460847240051
7,12.4044740218089
