Ted gmv,Priority 0
month,Priority
1,0.337201662
2,0.352076282
3,0.325228995
4,0.349721555
5,0.347239686
6,0.367841885
7,0.328902125
