Ted gmv,Priority 0
month,Priority
1,0.3372016621386046
2,0.3520762822420908
3,0.3252289950332067
4,0.3497215546986605
5,0.3472396861622656
6,0.3678418854069543
7,0.3289021249340212
8,0.3625736134084377
9,0.3381617778700853
