Tri gmv,Priority 0
month,Priority
1,0.229958741
2,0.233794112
3,0.228844619
4,0.214994074
5,0.214941085
6,0.22099977
7,0.21291519
