Tri per order,Priority 0
month,Priority
1,8.3557976653696
2,8.6396588015617
3,8.5651008230453
4,8.0753164556962
5,7.9649515608181
6,8.0784210526316
7,8.0300513149455
