Tri gmv,Priority 0
month,Priority
1,0.2299587410187983
2,0.2337941118105548
3,0.2288446192798658
4,0.2149940741588415
5,0.2149410852247805
6,0.220999769978104
7,0.2129151898074326
8,0.2024919953831667
9,0.2227081479643322
