All 3 burns orders,Priority 5
month,Priority
1,0.0
2,0.0
3,0.0326853851691864
4,0.0318725099601593
5,0.0518005225491309
6,0.0067457548267038
7,0.0043252595155709
