Aop,Priority 5
month,Priority
1,237.0610069889553
2,252.4606138946043
3,258.9331131884117
4,249.2566932209988
5,244.5020617619448
6,243.1723089316791
7,252.8231157105265
