Aop,Priority 5
month,Priority
1,237.06100698895528
2,252.46061389460425
3,258.93311318841165
4,249.2566932209988
5,244.5020617619448
6,243.1723089316791
7,252.82311571052648
8,252.4831875811633
9,256.9918223511983
