B2c & r burn daily orders,Priority 5
month,Priority
1,0.0
2,0.0
3,0.0802015838732901
4,0.0594145158496449
5,0.0933772577530387
6,0.0113979995347755
7,0.008073817762399
