B2c only daily orders,Priority 5
month,Priority
1,0.0
2,0.0
3,0.0629229661627069
4,0.0100467694439632
5,0.0234011132568442
6,0.0013956734124214
7,0.0
