B2c & p2c daily orders,Priority 5
month,Priority
1,0.0
2,0.0
3,0.0243340532757379
4,0.0053698250476355
5,0.0136317164602976
6,0.0004652244708071
7,0.0
