B2c per order,Priority 5
month,Priority
1,7.504715842839
2,8.62085314412
3,5.600203995294
4,0.623837240018
5,0.935721577153
6,0.505259248863
7,0.144479789486
