B2c gmv,Priority 5
month,Priority
1,0.03165732
2,0.03414732
3,0.02162799
4,0.00250279
5,0.00382705
6,0.00207778
7,0.00057147
