B cancel rate,Priority 5
month,Priority
1,0.0791284182667291
2,0.0717151405645897
3,0.0784460120488131
4,0.075718631650835
5,0.068638816709974
6,0.0700696334842309
7,0.0766938475041762
