Daily orders,Priority 5
month,Priority
1,5523.0
2,6351.758620689655
3,5566.225806451613
4,4795.2
5,6528.709677419355
6,5937.666666666667
7,4008.6129032258063
