Daily online hours,Priority 5
month,Priority
1,53131.80093333331
2,67793.64823754758
3,60341.95568996399
4,56963.18483333344
5,55286.17531361996
6,52039.81936111102
7,45388.89974910403
8,41733.87338709692
9,38499.54816666662
