Daily online hours,Priority 5
month,Priority
1,53131.800933333325
2,67793.64823754788
3,60341.95568996416
4,56963.18483333334
5,55286.17531362007
6,52039.81936111112
7,45388.89974910394
