Daily online hours,Priority 5
month,Priority
1,53131.80093333334
2,67793.64823754788
3,60341.955689964154
4,56963.18483333335
5,55286.17531362007
6,52039.81936111112
7,45388.89974910395
