Healthy stores,Priority 5
month,Priority
1,5439.36
2,7021.344827586207
3,6265.419354838709
4,5930.933333333333
5,5736.709677419355
6,5410.566666666667
7,4705.709677419355
8,4379.741935483871
9,4015.9
