Imperfect order rate,Priority 5
month,Priority
1,0.0255585732391816
2,0.0253364531137181
3,0.0266700665882366
4,0.024830385941497
5,0.0227629823607885
6,0.0225565598158648
7,0.0225401755896577
