No burn daily orders,Priority 5
month,Priority
1,0.0
2,0.0
3,0.3848812095032397
4,0.4015243374328772
5,0.3654435987731455
6,0.4622005117469179
7,0.4501153402537485
