Overdue orders per total orders,Priority 5
month,Priority
1,0.1367013911543173
2,0.1501485678278677
3,0.156144156265949
4,0.1462320262119915
5,0.1503060508074006
6,0.1433539716606924
7,0.1472575980925223
