P2c only daily orders,Priority 5
month,Priority
1,0.0
2,0.0
3,0.1431245500359971
4,0.1685432184306253
5,0.1696012722935363
6,0.2351709699930216
7,0.2254901960784313
