P2c gmv,Priority 5
month,Priority
1,0.0561340469615763
2,0.0394604317325074
3,0.0399740978660085
4,0.0443701075364414
5,0.0435077192599339
6,0.0462698184873058
7,0.0413041691334975
8,0.043418695686647
9,0.0454970534589804
