P2c gmv,Priority 5
month,Priority
1,0.05613405
2,0.03946043
3,0.0399741
4,0.04437011
5,0.04350772
6,0.04626982
7,0.04130417
