P2c burn per order,Priority 5
month,Priority
1,13.307193699077
2,9.962204819735
3,10.350617607344
4,11.059546282394
5,10.637727061614
6,11.251538595408
7,10.442648732165
