R burn only daily orders,Priority 5
month,Priority
1,0.0
2,0.0
3,0.1959683225341972
4,0.2224146890698077
5,0.1898216517096444
6,0.1819027680856013
7,0.2041522491349481
