R burn and p2c orders,Priority 5
month,Priority
1,0.0
2,0.0
3,0.0758819294456443
4,0.1008141347652866
5,0.0929228672043621
6,0.1007210979297511
7,0.1078431372549019
