R burn gmv,Priority 5
month,Priority
1,0.071808371
2,0.071572556
3,0.071995674
4,0.081601302
5,0.074470083
6,0.067657893
7,0.079433519
