R burn per order,Priority 5
month,Priority
1,17.0229648379504
2,18.0692514155732
3,18.64206411943
4,20.3396706428651
5,18.2080888383813
6,16.4525259641835
7,20.0826298212719
