Ted per order,Priority 5
month,Priority
1,37.834874379866
2,36.6522116600887
3,34.592885722068
4,32.0230541652764
5,29.7815374771481
6,28.2093238084545
7,30.6697583429229
