Ted gmv,Priority 5
month,Priority
1,0.1595997370483993
2,0.1451799197295386
3,0.1335977669912639
4,0.1284741996351678
5,0.121804852124905
6,0.1160054939330287
7,0.1213091542548612
8,0.129538499687426
9,0.1375282076682402
