Ted gmv,Priority 5
month,Priority
1,0.159599737
2,0.14517992
3,0.133597767
4,0.1284742
5,0.121804852
6,0.116005494
7,0.121309154
