Ted per order,Priority 5
month,Priority
1,37.834874379866015
2,36.65221166008871
3,34.592885722068
4,32.023054165276385
5,29.78153747714808
6,28.209323808454496
7,30.669758342922897
8,32.706293315562846
9,35.34362471335512
