Tri gmv,Priority 5
month,Priority
1,0.24106849
2,0.238187894
3,0.238498462
4,0.236333459
5,0.236890206
6,0.237841291
7,0.236147077
