Tri per order,Priority 5
month,Priority
1,57.1479390186493
2,60.1330619812053
3,61.7551492005355
4,58.9076965854744
5,57.9201437323978
6,57.8364159321844
7,59.703439851288
