Tri gmv,Priority 5
month,Priority
1,0.2410684901094333
2,0.2381878941572617
3,0.238498461784606
4,0.2363334593917803
5,0.2368902058126233
6,0.2378412911662317
7,0.2361470773093638
8,0.2340813804875652
9,0.231690853987052
