Active rs,Priority 0
month,Priority
1,501.741935483871
2,552.7241379310345
3,669.0645161290323
4,760.2
5,848.3548387096774
6,994.5
7,1169.645161290323
