Aop,Priority 0
month,Priority
1,256.0742038702484
2,249.47377611986505
3,248.91445839980227
4,247.73890006109104
5,250.125476220572
6,244.15529531568228
7,238.51257738033763
8,239.54372887908733
9,242.0029719686894
