Aop,Priority 0
month,Priority
1,256.0742038702484
2,249.473776119865
3,248.9144583998023
4,247.738900061091
5,250.125476220572
6,244.1552953156823
7,238.5125773803376
