Asp,Priority 0
month,Priority
1,187.9332919117971
2,181.8750766182707
3,184.2639524119801
4,178.8033672171536
5,177.6814273186917
6,173.5315943734628
7,176.8531545662752
