B2c per order,Priority 0
month,Priority
1,32.258725370813
2,35.179874315079
3,29.555403195003
4,31.650648265916
5,34.089812845631
6,32.71393462956
7,28.379333450783
