B2c gmv,Priority 0
month,Priority
1,0.12597413
2,0.14101632
3,0.11873719
4,0.12775809
5,0.13629085
6,0.13398822
7,0.11898464
