B2c gmv,Priority 0
month,Priority
1,0.1259741312606347
2,0.1410163218845742
3,0.1187371894144117
4,0.1277580882861405
5,0.136290846341335
6,0.1339882249420916
7,0.1189846412398161
8,0.1031834405957119
9,0.107367252548958
