Bad rating rate,Priority 0
month,Priority
1,0.0232977802555713
2,0.0245023682010958
3,0.0234120475430831
4,0.0242661565732942
5,0.0253910570390267
6,0.0229036145427381
7,0.0217728070761623
