Daily online hours,Priority 0
month,Priority
1,6062.451657706109
2,6961.306570881212
3,8192.263503584247
4,8692.251055555573
5,8797.66991935483
6,9818.907379629612
7,11802.445761648798
8,14100.067867383528
9,15537.85724074074
