Daily online hours,Priority 0
month,Priority
1,6062.451657706094
2,6961.306570881225
3,8192.263503584229
4,8692.251055555555
5,8797.66991935484
6,9818.90737962963
7,11802.445761648749
