Exposure per eff online,Priority 0
month,Priority
1,354.501662761696
2,333.70726151258145
3,336.95118627096485
4,321.7497040146378
5,414.87223260218576
6,443.3069680290432
7,412.3625053785569
