Healthy stores,Priority 0
month,Priority
1,637.0322580645161
2,715.6206896551724
3,873.1290322580645
4,956.6
5,956.483870967742
6,1081.8
7,1273.645161290323
