Imperfect order rate,Priority 0
month,Priority
1,0.0279632047651883
2,0.0285886759743677
3,0.0270519244163839
4,0.0270202601876796
5,0.0273028914520461
6,0.0250671252087752
7,0.0229270574512936
8,0.0231424759726646
9,0.0223509345462298
