Orders per eff online,Priority 0
month,Priority
1,2.575806817322954
2,2.264176070652555
3,2.475843462298
4,2.6867667635346035
5,3.2397430319162552
6,3.323550767068743
7,3.0795091014536133
