Overdue orders per total orders,Priority 0
month,Priority
1,0.1305043447627994
2,0.1556446742950931
3,0.1575101458073364
4,0.149856687578922
5,0.1514092856352455
6,0.1280544996791232
7,0.120930034596606
