P2c burn per order,Priority 0
month,Priority
1,13.406486553894
2,10.436072810575
3,9.905927606893
4,11.566774493996
5,12.051120398167
6,11.498988717327
7,9.727085092553
