P2c gmv,Priority 0
month,Priority
1,0.05235391
2,0.04183234
3,0.03979651
4,0.04668938
5,0.0481803
6,0.04709703
7,0.04078227
