R burn gmv,Priority 0
month,Priority
1,0.087770262
2,0.088116485
3,0.101196111
4,0.103811352
5,0.105159682
6,0.108172045
7,0.098749527
