R burn per order,Priority 0
month,Priority
1,22.4757000337436
2,21.9827523759403
3,25.1891751859258
4,25.7181100840252
5,26.3031156580818
6,26.4107775953319
7,23.5530042707264
