R burn per order,Priority 0
month,Priority
1,22.47570003374364
2,21.982752375940315
3,25.18917518592581
4,25.7181100840252
5,26.303115658081843
6,26.410777595331886
7,23.553004270726387
8,24.106815867570585
9,24.92758896210037
