Ted gmv,Priority 0
month,Priority
1,0.2660983063837933
2,0.2709651513396543
3,0.2597298140230229
4,0.278258815337189
5,0.2896308284806454
6,0.2892572977002446
7,0.2585164417377406
8,0.2495019481605155
9,0.2581662071851569
