Ted per order,Priority 0
month,Priority
1,68.1409119584513
2,67.5986995015943
3,64.6505059878221
4,68.9355328439375
5,72.4440489018802
6,70.6237009422195
7,61.6594228140624
