Ted gmv,Priority 0
month,Priority
1,0.266098306
2,0.270965151
3,0.259729814
4,0.278258815
5,0.289630828
6,0.289257298
7,0.258516442
