Tri gmv,Priority 0
month,Priority
1,0.2398965419919695
2,0.2380518547054967
3,0.2336951688612935
4,0.2337024314261689
5,0.2327766515927829
6,0.2328764720509117
7,0.2378895546393268
8,0.2348723036503617
9,0.2334939994942803
