Tri per order,Priority 0
month,Priority
1,61.4313160018192
2,59.3876951057177
3,58.1701063877592
4,57.8971833031217
5,58.223370832675
6,56.8580238056646
7,56.7396508088865
