Tri gmv,Priority 0
month,Priority
1,0.239896542
2,0.238051855
3,0.233695169
4,0.233702431
5,0.232776652
6,0.232876472
7,0.237889555
