All 3 burns orders,Priority 1
month,Priority
1,0.0
2,0.0
3,0.1578449905482041
4,0.1902356902356902
5,0.2157980456026058
6,0.2131423757371524
7,0.1945337620578778
