Aop,Priority 1
month,Priority
1,8046.282167042889
2,6820.020689655173
3,8188.446527820191
4,8192.284147333576
5,8314.36238809105
6,8404.64551127101
7,8043.356256490136
8,8158.652446675031
9,8171.298691636736
