Aop,Priority 1
month,Priority
1,8046.282167042889
2,6820.020689655173
3,8188.446527820192
4,8192.284147333576
5,8314.362388091049
6,8404.64551127101
7,8043.356256490135
