Asp,Priority 1
month,Priority
1,6286.659142212189
2,5594.213793103448
3,6127.250351187931
4,5774.717115044744
5,5787.917141431909
6,5810.293046264545
7,5671.357969885774
8,5758.189066843802
9,5712.063545407901
