B2c only daily orders,Priority 1
month,Priority
1,0.0
2,0.0
3,0.0009451795841209
4,0.0
5,0.003257328990228
6,0.0
7,0.0
