B2c & r burn daily orders,Priority 1
month,Priority
1,0.0
2,0.0
3,0.4461247637051039
4,0.5589225589225589
5,0.5309446254071661
6,0.502106149957877
7,0.547427652733119
