B2c gmv,Priority 1
month,Priority
1,0.01153793
2,0.01276869
3,0.02730927
4,0.04838692
5,0.05077836
6,0.04376465
7,0.04370695
