B2c gmv,Priority 1
month,Priority
1,0.0115379338999013
2,0.0127686941995322
3,0.0273092670227184
4,0.0483869223005048
5,0.0507783569383161
6,0.0437646514631014
7,0.0437069534012938
8,0.0432396109547265
9,0.041137470924139
