B2c per order,Priority 1
month,Priority
1,92.837471783296
2,87.08275862069
3,223.620472729494
4,396.399416500687
5,422.189661056998
6,367.826381471696
7,351.55059709242
