B cancel rate,Priority 1
month,Priority
1,0.0184804928131416
2,0.0133333333333333
3,0.0097119000384922
4,0.0067617307849606
5,0.0071337903021071
6,0.0072691765216447
7,0.0078716394638231
