Daily online hours,Priority 1
month,Priority
1,98.40222222222222
2,29.47253968253968
3,859.9268100358425
4,773.7963425925926
5,887.1535483870969
6,887.7044629629631
7,1042.6112096774193
