Exposure per eff online,Priority 1
month,Priority
1,443.1047619047619
2,277.2647058823529
3,967.3261296660118
4,899.3996375169914
5,935.217324645458
6,932.5865766481336
7,779.6429715017612
