No burn daily orders,Priority 1
month,Priority
1,0.0
2,0.0
3,0.052930056710775
4,0.0488215488215488
5,0.0415309446254071
6,0.037910699241786
7,0.0393890675241157
