Orders per eff online,Priority 1
month,Priority
1,4.219047619047619
2,1.4215686274509804
3,12.866797642436149
4,16.151789759855006
5,14.599080107320813
6,14.129467831612391
7,12.3342939481268
