Overdue orders per total orders,Priority 1
month,Priority
1,0.1376975169300225
2,0.0896551724137931
3,0.169939830793195
4,0.1308458409314069
5,0.147631800042008
6,0.1503738265220079
7,0.1185877466251298
