P2c only daily orders,Priority 1
month,Priority
1,0.0
2,0.0
3,0.0160680529300567
4,0.0168350168350168
5,0.01628664495114
6,0.0143218197135636
7,0.0168810289389067
