P2c gmv,Priority 1
month,Priority
1,0.047541270129384
2,0.0522397039952351
3,0.0419914091530258
4,0.0424845495426977
5,0.0473561094787375
6,0.0515207323024879
7,0.0429246471847602
8,0.0406489297393988
9,0.0478471960054731
