P2c burn per order,Priority 1
month,Priority
1,382.530474040632
2,356.275862068966
3,343.844408477371
4,348.04550172525
5,393.735855496338
6,433.013491483501
7,345.258229491173
