P2c gmv,Priority 1
month,Priority
1,0.04754127
2,0.0522397
3,0.04199141
4,0.04248455
5,0.04735611
6,0.05152073
7,0.04292465
