R burn & p2c daily orders,Priority 1
month,Priority
1,0.0
2,0.0
3,0.0727788279773156
4,0.0446127946127946
5,0.0513029315960912
6,0.0640269587194608
7,0.0562700964630225
