R burn only daily orders,Priority 1
month,Priority
1,0.0
2,0.0
3,0.2523629489603025
4,0.1405723905723905
5,0.1400651465798045
6,0.16849199663016
7,0.1454983922829582
