R burn gmv,Priority 1
month,Priority
1,0.159608506
2,0.114728138
3,0.182419375
4,0.204231455
5,0.205730716
6,0.213395388
7,0.208269957
