Ted gmv,Priority 1
month,Priority
1,0.21868771
2,0.179736536
3,0.251720051
4,0.295102927
5,0.303865183
6,0.308680772
7,0.294901557
