Tri per order,Priority 1
month,Priority
1,1715.0135440180588
2,1410.8827586206896
3,1627.7674830513652
4,1546.3756557354056
5,1567.528866601906
6,1555.568216313452
7,1523.2291796469367
