Tri gmv,Priority 1
month,Priority
1,0.2131436
2,0.206873677
3,0.198788314
4,0.188760012
5,0.188532661
6,0.185084334
7,0.189377311
