Tri gmv,Priority 1
month,Priority
1,0.2131435995424888
2,0.2068736771958422
3,0.1987883144282662
4,0.1887600122169492
5,0.1885326611271036
6,0.1850843339231101
7,0.1893773110469715
8,0.1894932472861961
9,0.1867181606063418
