R burn gmv,Old_1_vs_New_Rs
month,Old priority,New priority
1,,0.0877702622679321
2,,0.0881164854993746
3,,0.1011961110972002
4,0.064409788,0.1038113517000489
5,0.101464299,0.1051596824742737
6,0.124238873,0.1081720450141533
