Daily online hours,Old_1_vs_New_Rs
month,Old priority,New priority
1,0.0,6062.451657706104
2,0.0,6961.306570881237
3,0.0,8192.263503584243
4,2638.5379444444447,8692.251055555578
5,7254.420976702509,8797.669919354816
6,12283.700648148144,9818.907379629623
