Ted gmv,Old_1_vs_New_Rs
month,Old priority,New priority
1,,0.2660983063837933
2,,0.2709651513396543
3,,0.2597298140230229
4,0.332676022,0.278258815337189
5,0.299982473,0.2896308284806454
6,0.284730109,0.2892572977002446
