B2c gmv,Old_1_vs_New_Rs
month,Old priority,New priority
1,,0.1259741312606347
2,,0.1410163218845742
3,,0.1187371894144117
4,0.2238641,0.1277580882861405
5,0.15035879,0.136290846341335
6,0.11331841,0.1339882249420916
