Daily orders,Old_1_vs_New_Rs
month,Old priority,New priority
1,0.0,2198.7419354838707
2,0.0,2227.793103448276
3,0.0,2871.4193548387098
4,1094.1,3328.366666666667
5,3510.870967741936,4083.2258064516127
6,5941.233333333334,4729.966666666666
