Healthy stores,Old_1_vs_New_Rs
month,Old priority,New priority
1,0.0,637.0322580645161
2,0.0,715.6206896551724
3,0.0,873.1290322580645
4,265.06666666666666,956.6
5,779.2258064516129,956.483870967742
6,1361.4333333333334,1081.8
