R burn per order,Old_1_vs_New_Rs
month,Old priority,New priority
1,,22.47570003374364
2,,21.982752375940315
3,,25.18917518592581
4,16.7664668068123,25.7181100840252
5,25.4625202826245,26.303115658081843
6,30.6302973007849,26.410777595331886
