B2c per order,Old_1_vs_New_Rs
month,Old priority,New priority
1,,32.25872537081322
2,,35.17987431507909
3,,29.555403195003034
4,58.273906407093,31.65064826591621
5,37.732618962301,34.08981284563122
6,27.937928207948,32.71393462956046
