Bad rating rate,Old_1_vs_New_Rs
month,Old priority,New priority
1,,0.0232977802555713
2,,0.0245023682010958
3,,0.0234120475430831
4,0.0247692167077963,0.0242661565732942
5,0.0254509036449001,0.0253910570390267
6,0.0225205765357361,0.0229036145427381
