Active rs,Priority 3
month,Priority
1,3416.6451612903224
2,2284.206896551724
3,440.2903225806452
4,311.56666666666666
5,670.9032258064516
6,771.2333333333333
7,902.3870967741937
