Aop,Priority 3
month,Priority
1,260.2655935786042
2,228.8464215000405
3,294.1365481224361
4,288.9501756172054
5,285.2675116076269
6,281.8481319506038
7,277.5034311034688
