Asp,Priority 3
month,Priority
1,216.2538996184098
2,191.9175296311046
3,250.3072448721994
4,239.6347630440316
5,238.1425482570883
6,220.4780754929385
7,216.1594370225852
