B2c & p2c daily orders,Priority 3
month,Priority
1,0.0
2,0.0
3,0.0264446620959843
4,0.0106870229007633
5,0.0087591240875912
6,0.007161125319693
7,0.0005122950819672
