"B2c, r burn & p2c daily orders",Priority 3
month,Priority
1,0.0
2,0.0
3,0.0342801175318315
4,0.0702290076335877
5,0.0583941605839416
6,0.1248081841432225
7,0.1454918032786885
