B2c per order,Priority 3
month,Priority
1,7.964808231446
2,5.219365332224
3,8.76916598296
4,10.377601425299
5,9.75963633364
6,13.219850753906
7,14.783246255084
