B2c r burn orders,Priority 3
month,Priority
1,0.0
2,0.0
3,0.0881488736532811
4,0.1603053435114503
5,0.1051094890510948
6,0.2347826086956521
7,0.2710040983606557
