B2c only orders,Priority 3
month,Priority
1,0.0
2,0.0
3,0.0675808031341821
4,0.0244274809160305
5,0.018978102189781
6,0.0168797953964194
7,0.0010245901639344
