B2c gmv,Priority 3
month,Priority
1,0.03060262
2,0.02280728
3,0.02981325
4,0.03591485
5,0.03421223
6,0.04690416
7,0.0532723
