Daily online hours,Priority 3
month,Priority
1,38525.361953405016
2,17259.31600574713
3,7257.573682795699
4,5598.212027777778
5,12442.148369175626
6,12959.817879629629
7,14518.569112903226
