Healthy stores,Priority 3
month,Priority
1,4406.903225806452
2,2243.3793103448274
3,785.2258064516129
4,606.0333333333333
5,1369.2903225806451
6,1429.4666666666667
7,1595.451612903226
8,1544.8064516129032
9,1517.9333333333334
