Healthy stores,Priority 3
month,Priority
1,4406.903225806452
2,2243.379310344827
3,785.2258064516129
4,606.0333333333333
5,1369.2903225806451
6,1429.4666666666667
7,1595.451612903226
