Imperfect order rate,Priority 3
month,Priority
1,0.0229315696374336
2,0.0211779135050169
3,0.025970337645945
4,0.0261135148892848
5,0.0245586744915034
6,0.0226683495940506
7,0.0240898118448464
8,0.0226415692239439
9,0.0224272106255844
