No burn daily orders,Priority 3
month,Priority
1,0.0
2,0.0
3,0.3055827619980411
4,0.2839694656488549
5,0.2992700729927007
6,0.1667519181585677
7,0.1649590163934426
