P2c gmv,Priority 3
month,Priority
1,0.04967733
2,0.04090453
3,0.03661032
4,0.03953471
5,0.03986664
6,0.03889595
7,0.0348633
