P2c only orders,Priority 3
month,Priority
1,0.0
2,0.0
3,0.1096963761018609
4,0.1175572519083969
5,0.1343065693430657
6,0.0818414322250639
7,0.0753073770491803
