P2c gmv,Priority 3
month,Priority
1,0.0496773329147288
2,0.0409045312961552
3,0.0366103182257617
4,0.0395347111180622
5,0.0398666448026757
6,0.0388959477782111
7,0.0348633017562291
8,0.0377740936662309
9,0.0393677177312917
