P2c burn per order,Priority 3
month,Priority
1,12.929300538454
2,9.360855610262
3,10.768432628589
4,11.42356172054
5,11.372658559004
6,10.962750221737
7,9.674685856949
