R burn and p2c orders,Priority 3
month,Priority
1,0.0
2,0.0
3,0.1116552399608227
4,0.1022900763358778
5,0.1160583941605839
6,0.1232736572890025
7,0.1121926229508196
