R burn gmv,Priority 3
month,Priority
1,0.088823055
2,0.097657944
3,0.082586488
4,0.095221432
5,0.09111682
6,0.131941465
7,0.132921102
