R burn per order,Priority 3
month,Priority
1,23.1175851902945
2,22.34867092645
3,24.2917046386873
4,27.5142494273352
5,25.9926684578944
6,37.1874554820222
7,36.8860619688502
