R burn only orders,Priority 3
month,Priority
1,0.0
2,0.0
3,0.2566111655239961
4,0.2305343511450381
5,0.2591240875912409
6,0.2445012787723785
7,0.2295081967213114
