Ted per order,Priority 3
month,Priority
1,44.0116939601945
2,36.9288918689359
3,43.8293032502367
4,49.3154125731738
5,47.1249633505385
6,61.3700564576653
7,61.3439940808836
