Ted gmv,Priority 3
month,Priority
1,0.169103005
2,0.161369759
3,0.149010055
4,0.17067099
5,0.16519569
6,0.217741576
7,0.221056705
