Tri per order,Priority 3
month,Priority
1,60.4429894200496
2,52.471287556522
3,69.2567030609025
4,66.7478656146602
5,66.1958236112093
6,62.3941867367128
7,62.2052695016699
