Tri gmv,Priority 3
month,Priority
1,0.2322358041605483
2,0.2292860303979571
3,0.2354576590464166
4,0.2310012979645538
5,0.232048238645061
6,0.2213752005553399
7,0.2241603617451357
8,0.2206744067122537
9,0.2194449208535613
