Tri gmv,Priority 3
month,Priority
1,0.232235804
2,0.22928603
3,0.235457659
4,0.231001298
5,0.232048239
6,0.221375201
7,0.224160362
