Active rs,Priority 1
month,Priority
1,24.06451612903226
2,14.96551724137931
3,95.93548387096774
4,100.43333333333334
5,103.6774193548387
6,110.43333333333334
7,123.74193548387096
8,130.19354838709677
9,131.13333333333333
