Aop,Priority 1
month,Priority
1,39.4662424547284
2,38.2410588235294
3,43.4351127702112
4,42.1917794342508
5,41.2795472898896
6,41.3748132367199
7,40.9240123875599
