Aop,Priority 1
month,Priority
1,39.466242454728366
2,38.24105882352941
3,43.43511277021117
4,42.19177943425077
5,41.27954728988956
6,41.37481323671991
7,40.92401238755991
8,40.55054243638899
9,39.976343470982144
