Asp,Priority 1
month,Priority
1,24.97453722334
2,25.1489839572193
3,24.7950509184056
4,23.8570667686035
5,23.7223263898174
6,23.9211708424759
7,23.6726876190059
