Asp,Priority 1
month,Priority
1,24.97453722334004
2,25.148983957219247
3,24.7950509184056
4,23.857066768603463
5,23.722326389817365
6,23.921170842475888
7,23.672687619005927
8,23.57648832345765
9,23.5459228515625
