B2c & r burn daily orders,Priority 1
month,Priority
1,0.0
2,0.0
3,0.4812319538017324
4,0.5176695319961796
5,0.4548467274233637
6,0.4743687834736037
7,0.4742198100407055
