"B2c, r burn & p2c daily orders",Priority 1
month,Priority
1,0.0
2,0.0
3,0.273339749759384
4,0.2702960840496657
5,0.2717481358740679
6,0.2723794950267789
7,0.2774762550881954
