B2c per order,Priority 1
month,Priority
1,1.497067404427
2,2.693561497326
3,3.030235536674
4,2.908088685015
5,3.024927935396
6,2.959225391642
7,3.213995535226
