B2c gmv,Priority 1
month,Priority
1,0.0379328588513041
2,0.0704363733691619
3,0.0697646522228429
4,0.0689254808403397
5,0.0732790966468949
6,0.0715223866923774
7,0.0785356896285845
8,0.0770715300332469
9,0.0672589928876858
