B2c and p2c orders,Priority 1
month,Priority
1,0.0
2,0.0
3,0.0019249278152069
4,0.0009551098376313
5,0.0008285004142502
6,0.0022953328232593
7,0.0013568521031207
