B2c gmv,Priority 1
month,Priority
1,0.03793286
2,0.07043637
3,0.06976465
4,0.06892548
5,0.0732791
6,0.07152239
7,0.07853569
