B cancel rate,Priority 1
month,Priority
1,0.0670339761248852
2,0.0812854442344045
3,0.0083260430178889
4,0.0095037281505928
5,0.0116784978245935
6,0.0105659460772407
7,0.0105497523825377
