Bad rating rate,Priority 1
month,Priority
1,0.0352112676056338
2,0.0288770053475935
3,0.0229289016618767
4,0.02118374108053
5,0.0216594914030537
6,0.0223503597489411
7,0.0232649755969446
8,0.0208478563959567
9,0.0196242559523809
