Daily online hours,Priority 1
month,Priority
1,428.0401881720431
2,279.09800766283524
3,921.36353046595
4,990.391787037037
5,976.3100448028674
6,1085.057037037037
7,1192.4969086021506
