Daily orders,Priority 1
month,Priority
1,64.12903225806451
2,32.241379310344826
3,1032.645161290323
4,1046.4
5,1206.354838709677
6,1306.4666666666667
7,1473.9032258064517
8,1480.774193548387
9,1433.6
