Daily online hours,Priority 1
month,Priority
1,428.04018817204303
2,279.09800766283524
3,921.36353046595
4,990.391787037037
5,976.3100448028674
6,1085.0570370370372
7,1192.4969086021506
