Exposure per eff online,Priority 1
month,Priority
1,235.96101159114855
2,218.72617124394185
3,659.9874711506759
4,579.7128172181176
5,652.4179149191133
6,695.4428611343951
7,764.0921501706484
