Healthy stores,Priority 1
month,Priority
1,49.74193548387097
2,34.03448275862069
3,86.29032258064517
4,91.83333333333331
5,95.12903225806453
6,105.33333333333331
7,115.16129032258064
8,126.03225806451611
9,125.6
