Imperfect order rate,Priority 1
month,Priority
1,0.0357142857142857
2,0.0352941176470588
3,0.0225228039485193
4,0.021374872579001
5,0.0229697569323742
6,0.0221207327652191
7,0.0221487820358495
