No burn orders,Priority 1
month,Priority
1,0.0
2,0.0
3,0.0317613089509143
4,0.0229226361031518
5,0.0223695111847555
6,0.0214231063504208
7,0.0210312075983717
