Orders per eff online,Priority 1
month,Priority
1,1.047418335089568
2,0.7552504038772213
3,10.554566435872074
4,10.084163186636683
5,11.203415218693827
6,10.95110366024029
7,11.138712823013163
