Overdue orders per total orders,Priority 1
month,Priority
1,0.1495468277945619
2,0.1982851018220793
3,0.1336146272855133
4,0.1447691278161945
5,0.16685396264783
6,0.1863017894978684
7,0.1809358979976339
