P2c only orders,Priority 1
month,Priority
1,0.0
2,0.0
3,0.0240615976900866
4,0.0191021967526265
5,0.0198840099420049
6,0.0214231063504208
7,0.0210312075983717
