P2c burn per order,Priority 1
month,Priority
1,4.630789738431
2,4.302160427807
3,2.581257028614
4,2.353297336901
5,2.816332058721
6,2.799962239118
7,2.879478671949
