P2c gmv,Priority 1
month,Priority
1,0.11733546
2,0.11250108
3,0.05942789
4,0.0557762
5,0.06822585
6,0.06767311
7,0.07036159
