R burn only daily orders,Priority 1
month,Priority
1,0.0
2,0.0
3,0.1145332050048123
4,0.10792741165234
5,0.1391880695940348
6,0.1270084162203519
7,0.1255088195386703
