R burn per order,Priority 1
month,Priority
1,8.3638480885312
2,6.0963529411765
3,13.0285692865176
4,13.0733266437309
5,11.715960905955
6,11.6944547634842
7,11.1578505613797
