R burn gmv,Priority 1
month,Priority
1,0.211924104
2,0.159419041
3,0.299954771
4,0.30985483
5,0.283819995
6,0.282646708
7,0.272648011
