R burn and p2c orders,Priority 1
month,Priority
1,0.0
2,0.0
3,0.0712223291626564
4,0.0601719197707736
5,0.0886495443247721
6,0.0788064269319051
7,0.0780189959294437
