Ted per order,Priority 1
month,Priority
1,14.4917052313883
2,13.0920748663102
3,18.6400618518056
4,18.3347126656473
5,17.5572209000722
6,17.453642394244
7,17.251324768554
