Ted gmv,Priority 1
month,Priority
1,0.367192424
2,0.342356495
3,0.429147311
4,0.434556516
5,0.425324938
6,0.421842204
7,0.421545292
