Tri gmv,Priority 1
month,Priority
1,0.211299574
2,0.21850328
3,0.179066788
4,0.176022625
5,0.18209491
6,0.182241498
7,0.185930496
