Tri gmv,Priority 1
month,Priority
1,0.2112995735728608
2,0.2185032802047467
3,0.1790667882881768
4,0.1760226247748614
5,0.1820949103944732
6,0.1822414979096249
7,0.1859304956702485
8,0.1835572675468527
9,0.1819746062383039
