Tri per order,Priority 1
month,Priority
1,8.3392002012072
2,8.3557967914439
3,7.7777861426965
4,7.4267077599388
5,7.5167954648769
6,7.5402079399908
7,7.6090219080344
