R burn per order,priority_4
month,Old priority,New priority
1,1203.33412,942.7333552
2,1190.027554,926.5640646
3,1200.82185,993.0973321
4,1280.413839,1007.347239
5,1299.359018,1036.553817
