Daily orders,priority_4
month,Old priority,New priority
1,738.1935484,294.5806452
2,703.3103448,279.6206897
3,674.6774194,285.3548387
4,674.9,274.0666667
5,668.5806452,257.7419355
