Bad rating rate,priority_4
month,Old priority,New priority
1,0.02735535745,0.03120893561
2,0.02368111394,0.0247872734
3,0.02529285202,0.02814831562
4,0.02350965575,0.02444660667
5,0.02518575702,0.02478097622
