Healthy stores,priority_4
month,Old priority,New priority
1,221.516129,111.9032258
2,237.3793103,117.7931034
3,226.2258065,116.0645161
4,242.4666667,126.6
5,245.7419355,137.483871
