R burn gmv,priority_4
month,Old priority,New priority
1,0.15039744,0.115277652
2,0.142263409,0.109379809
3,0.140940647,0.114355238
4,0.15154464,0.118875063
5,0.154169106,0.123374393
