Daily online hours,priority_4
month,Old priority,New priority
1,2272.406765,1218.039418
2,2419.136523,1299.766389
3,2321.327294,1292.954023
4,2491.332324,1388.164287
5,2514.005833,1490.77853
