B cancel rate,priority_4
month,Old priority,New priority
1,0.02778808493,0.02522055008
2,0.02806985039,0.02378441711
3,0.02696842391,0.02422293676
4,0.02593875831,0.02211928199
5,0.02439579446,0.02596639643
