Orders per eff online,priority_4
month,Old priority,New priority
1,3.017007251,2.361520559
2,2.709351753,2.099145742
3,2.684852375,2.157560976
4,2.509854965,1.915210808
5,2.485727992,1.677866443
