Ted gmv,priority_4
month,Old priority,New priority
1,0.214103066,0.17856122
2,0.208278916,0.175348101
3,0.207840306,0.180322892
4,0.215596512,0.18062346
5,0.225427509,0.189868676
