B2c per order,priority_4
month,Old priority,New priority
1,135.872094,114.532961
2,159.1600314,129.372549
3,196.1770978,158.6894642
4,169.6880032,125.6305035
5,185.2432693,109.8866083
