B2c gmv,priority_4
month,Old priority,New priority
1,0.01698183,0.01400512
2,0.019027,0.01527228
3,0.02302534,0.0182731
4,0.02008359,0.01482541
5,0.02197914,0.0130791
