Eff online rs,priority_5
month,Old priority,New priority
1,549.3870967741935,444.44
2,565.551724137931,569.0
3,527.9677419354839,513.3870967741935
4,543.9666666666667,525.2666666666667
5,563.9354838709677,420.0
6,555.4666666666667,413.1333333333333
