Daily online hours,Old_1_vs_New_Rs
month,Old priority,New priority
1,1574.9699283154123,1574.969928315412
2,1616.6553352490423,1616.655335249042
3,1364.5085752688174,1364.5085752688171
4,890.1975000000001,890.1975
5,634.0520519713263,634.0520519713261
6,471.267,471.267
