Eff online rs,Old_1_vs_New_Rs
month,Old priority,New priority
1,240.8709677419355,240.8709677419355
2,238.48275862068965,238.48275862068965
3,195.6129032258065,195.6129032258065
4,128.8,128.8
5,84.7741935483871,84.7741935483871
6,57.23333333333333,57.23333333333333
