B2c per order,Old_1_vs_New_Rs
month,Old priority,New priority
1,3.58545233463,3.58545233463
2,4.858090307248,4.858090307248
3,4.162697530864,4.162697530864
4,3.757215189873,3.757215189873
5,3.057154646573,3.057154646573
6,4.730985237484,4.730985237484
