R burn gmv,Old_1_vs_New_Rs
month,Old priority,New priority
1,0.131876144,0.131876144
2,0.112307347,0.112307347
3,0.124810299,0.124810299
4,0.169368138,0.169368138
5,0.169801494,0.169801494
6,0.142785214,0.142785214
