B2c gmv,Old_1_vs_New_Rs
month,Old priority,New priority
1,0.09867473,0.09867473
2,0.1314627,0.1314627
3,0.11122005,0.11122005
4,0.10003063,0.10003063
5,0.08249995,0.08249995
6,0.12942463,0.12942463
