Ted gmv,Old_1_vs_New_Rs
month,Old priority,New priority
1,0.337201662,0.337201662
2,0.352076282,0.352076282
3,0.325228995,0.325228995
4,0.349721555,0.349721555
5,0.347239686,0.347239686
6,0.367841885,0.367841885
