Daily orders,Old_1_vs_New_Rs
month,Old priority,New priority
1,198.96774193548387,198.96774193548387
2,203.1379310344828,203.1379310344828
3,156.7741935483871,156.7741935483871
4,121.13333333333334,121.13333333333334
5,89.90322580645162,89.90322580645162
6,103.86666666666666,103.86666666666666
