Healthy stores,Old_1_vs_New_Rs
month,Old priority,New priority
1,170.06451612903226,170.06451612903226
2,167.51724137931035,167.51724137931035
3,137.03225806451613,137.03225806451613
4,97.9,97.9
5,69.0,69.0
6,47.23333333333333,47.23333333333333
