Imperfect order rate,Old_1_vs_New_Rs
month,Old priority,New priority
1,0.0348573281452658,0.0348573281452658
2,0.0339500933627567,0.0339500933627567
3,0.0401234567901234,0.0401234567901234
4,0.0280682443588332,0.0280682443588332
5,0.0308575529242913,0.0308575529242913
6,0.0365853658536585,0.0365853658536585
