R burn per order,Old_1_vs_New_Rs
month,Old priority,New priority
1,4.7918612191958,4.7918612191958
2,4.1502206756069,4.1502206756069
3,4.6713477366255,4.6713477366255
4,6.3615767749037,6.3615767749037
5,6.2922389666308,6.2922389666308
6,5.2193677792041,5.2193677792041
