B2c gmv,Old_2_vs_New_1
month,Old priority,New priority
1,0.03342353,0.0354627956129445
2,0.02634452,0.0267262931953074
3,0.03299461,0.0335120451461012
4,0.04558209,0.0481235929709153
5,0.03455464,0.0379458040774681
6,0.03302681,0.0356956754119947
