Daily orders,Old_2_vs_New_1
month,Old priority,New priority
1,63023.51612903226,46714.3870967742
2,62578.58620689655,47635.0
3,68474.45161290323,52201.45161290323
4,72595.4,55320.16666666666
5,73239.93548387097,56689.54838709677
6,70536.5,54438.23333333333
