B2c per order,Old_2_vs_New_1
month,Old priority,New priority
1,8.043481178812,8.525724084450047
2,6.377066877014,6.48232247369545
3,8.130388188107,8.274105299259382
4,11.200106595367,11.880076024114173
5,8.559132268752,9.443236950999673
6,8.185801313268,8.875879580956274
