R burn per order,Old_2_vs_New_1
month,Old priority,New priority
1,38.4050063340412,41.4917613279324
2,38.6387797963278,42.27860007311344
3,40.0864698347582,43.728948509032925
4,41.539629774522,45.05301763371405
5,41.7962022261784,45.23291906797407
6,42.1471040572375,45.44105169344829
