Orders per eff online,Old_2_vs_New_1
month,Old priority,New priority
1,12.109615277338738,14.631136526667811
2,11.71535640969362,14.2455038567834
3,13.003761379090651,15.908036372573116
4,13.26880475708872,16.26968021488932
5,13.523285941473931,16.53425160179514
6,13.203972245448078,16.020511864706055
