Healthy stores,Old_2_vs_New_1
month,Old priority,New priority
1,4686.774193548387,2923.1612903225805
2,4837.862068965517,3085.172413793104
3,4783.645161290323,3031.0967741935483
4,5013.966666666666,3163.5666666666666
5,4912.387096774193,3158.4193548387098
6,4860.833333333333,3135.733333333333
