B cancel rate,Old_2_vs_New_1
month,Old priority,New priority
1,0.0106872975354168,0.0088419330707233
2,0.0099548825922001,0.0079984140954298
3,0.0105472908570507,0.0085678425591402
4,0.0099261794225977,0.0082530844253888
5,0.0106057072230658,0.0087651763223487
6,0.0099250643942195,0.0081501325870228
