R burn gmv,Old_2_vs_New_1
month,Old priority,New priority
1,0.159586485,0.1725852064902304
2,0.159622013,0.1743125656007383
3,0.162678267,0.1771123817770872
4,0.169057585,0.1824999333603162
5,0.168738204,0.1817596544184582
6,0.170048641,0.1827479763368135
