Daily online hours,Old_2_vs_New_1
month,Old priority,New priority
1,40153.64316308245,25369.513718638063
2,41437.65616858238,26784.884128352503
3,41228.07762544804,26488.285170250896
4,43018.67828703705,27596.40917592596
5,42055.77641577061,27481.11302867382
6,41476.832064814815,27195.987398148125
