Ted gmv,Old_2_vs_New_1
month,Old priority,New priority
1,0.243376662,0.2581490459705141
2,0.226159006,0.2416432422634566
3,0.238305064,0.2541615772761526
4,0.261551709,0.2781917336089374
5,0.24719643,0.263827087196315
6,0.246860164,0.2623281648347352
