Bad rating rate,Old_2_vs_New_1
month,Old priority,New priority
1,0.0161035640050385,0.0162069294118134
2,0.0158432514372273,0.0159720286807367
3,0.016354109938814,0.0163405417597458
4,0.0160763170485549,0.0160959987466897
5,0.0172579035410788,0.0173924077715867
6,0.0161604275800472,0.0162489965692004
