Active rs,Priority 3
month,Priority
1,158.09677419354838
2,120.6896551724138
3,12.0
4,5.1
5,37.516129032258064
6,44.6
7,57.354838709677416
