Aop,Priority 3
month,Priority
1,8436.594667403468
2,8139.023358379614
3,9927.492730210017
4,9888.475578406167
5,9592.173425827108
6,9871.066344993968
7,9070.768052516412
