Asp,Priority 3
month,Priority
1,6919.808247565104
2,6540.44127736034
3,8743.7802907916
4,6832.714652956299
5,7863.688900747065
6,7583.011258544431
7,6963.648327602376
