Asp,Priority 3
month,Priority
1,6919.808247565104
2,6540.44127736034
3,8743.780290791598
4,6832.714652956298
5,7863.688900747065
6,7583.01125854443
7,6963.648327602376
8,7069.87475261521
9,6902.888704318937
