B2c & r burn daily orders,Priority 3
month,Priority
1,0.0
2,0.0
3,0.1
4,0.2666666666666666
5,0.1147540983606557
6,0.216867469879518
7,0.3173076923076923
