"B2c, r burn & p2c daily orders",Priority 3
month,Priority
1,0.0
2,0.0
3,0.05
4,0.1333333333333333
5,0.0655737704918032
6,0.108433734939759
7,0.125
