B2c per order,Priority 3
month,Priority
1,134.74207363404
2,140.49264946096
3,229.310177705977
4,584.370179948586
5,280.376200640342
6,475.889425010052
7,518.629884338856
