B2c gmv,Priority 3
month,Priority
1,0.01597114
2,0.01726161
3,0.0230985
4,0.05909608
5,0.02922968
6,0.04821054
7,0.05717596
