B2c only orders,Priority 3
month,Priority
1,0.0
2,0.0
3,0.05
4,0.0666666666666666
5,0.0
6,0.0120481927710843
7,0.0
