B cancel rate,Priority 3
month,Priority
1,0.0322390792571279
2,0.0340474368783473
3,0.0352220520673813
4,0.0334928229665071
5,0.0588235294117647
6,0.0461084470675027
7,0.0458902120243973
