Daily orders,Priority 3
month,Priority
1,467.0
2,422.2068965517241
3,19.967741935483872
4,12.966666666666669
5,60.45161290322581
6,82.9
7,103.19354838709675
8,114.09677419354838
9,120.4
