Daily online hours,Priority 3
month,Priority
1,2451.990860215054
2,1291.0608908045976
3,209.09397849462368
4,83.1900925925926
5,1144.6905107526884
6,1164.7747500000005
7,1323.7444713261648
