Daily online hours,Priority 3
month,Priority
1,2451.990860215054
2,1291.0608908045976
3,209.09397849462368
4,83.19009259259259
5,1144.690510752688
6,1164.77475
7,1323.744471326165
