Healthy stores,Priority 3
month,Priority
1,238.5806451612904
2,132.31034482758622
3,19.64516129032258
4,8.566666666666666
5,107.38709677419357
6,104.26666666666668
7,122.3225806451613
8,120.0
9,116.43333333333334
