Imperfect order rate,Priority 3
month,Priority
1,0.0235546038543897
2,0.024093433518458
3,0.0226171243941841
4,0.0359897172236503
5,0.0202774813233724
6,0.0297547245677523
7,0.0253204126289465
