No burn daily orders,Priority 3
month,Priority
1,0.0
2,0.0
3,0.15
4,0.0666666666666666
5,0.180327868852459
6,0.0602409638554216
7,0.1057692307692307
