Overdue orders per total orders,Priority 3
month,Priority
1,0.172077922077922
2,0.1807415877164325
3,0.2326332794830371
4,0.2467866323907455
5,0.211846318036286
6,0.2561318858061921
7,0.1763050953422944
