P2c only daily orders,Priority 3
month,Priority
1,0.0
2,0.0
3,0.05
4,0.0666666666666666
5,0.081967213114754
6,0.0240963855421686
7,0.048076923076923
