P2c burn per order,Priority 3
month,Priority
1,369.549285072874
2,378.862218229337
3,493.982229402262
4,479.508997429306
5,509.211312700107
6,489.340973059912
7,429.029696780244
