P2c gmv,Priority 3
month,Priority
1,0.0438031338047689
2,0.0465488550096462
3,0.0497590119506248
4,0.0484917006294102
5,0.0530861244990677
6,0.0495732635115026
7,0.0472980561619831
8,0.0400885211724827
9,0.0506602996249909
