P2c gmv,Priority 3
month,Priority
1,0.04380313
2,0.04654886
3,0.04975901
4,0.0484917
5,0.05308612
6,0.04957326
7,0.04729806
