R burn only daily orders,Priority 3
month,Priority
1,0.0
2,0.0
3,0.4
4,0.2666666666666666
5,0.3770491803278688
6,0.3975903614457831
7,0.2788461538461538
