R burn and p2c orders,Priority 3
month,Priority
1,0.0
2,0.0
3,0.2
4,0.1333333333333333
5,0.180327868852459
6,0.1686746987951807
7,0.125
