R burn per order,Priority 3
month,Priority
1,1012.49506113145
2,1079.2272133289775
3,460.4200323101777
4,1991.8817480719792
5,938.8970117395944
6,1322.824688379574
7,1159.460143794936
