R burn gmv,Priority 3
month,Priority
1,0.120012292
2,0.132599105
3,0.046378279
4,0.201434663
5,0.097881572
6,0.134010313
7,0.127823811
