Ted per order,Priority 3
month,Priority
1,1516.7864198383645
2,1598.5820810192747
3,1183.7124394184168
4,3055.7609254498716
5,1728.4845250800429
6,2288.0550864495376
7,2107.1197249140355
