Ted gmv,Priority 3
month,Priority
1,0.17978657
2,0.19640957
3,0.11923579
4,0.309022448
5,0.180197381
6,0.231794115
7,0.232297829
