Tri gmv,Priority 3
month,Priority
1,0.227281841
2,0.21635175
3,0.237802594
4,0.191556113
5,0.224344342
6,0.215933282
7,0.223199594
