Tri gmv,Priority 3
month,Priority
1,0.2272818411381599
2,0.2163517500245498
3,0.237802593863942
4,0.191556112812895
5,0.2243443424532395
6,0.215933282448059
7,0.2231995940916389
8,0.2217316627214376
9,0.2172409219079255
