Tri per order,Priority 3
month,Priority
1,1917.484768943842
2,1760.8919470761189
3,2360.78352180937
4,1894.19794344473
5,2151.9498399146214
6,2131.491757137113
7,2024.5917474210692
