Active rs,Priority 5
month,Priority
1,134.72
2,190.6206896551724
3,196.2258064516129
4,150.03333333333333
5,152.4193548387097
6,162.96666666666667
7,155.03225806451613
