All 3 burns orders,Priority 5
month,Priority
1,0.0
2,0.0
3,0.1240105540897097
4,0.0691056910569105
5,0.0666666666666666
6,0.0248756218905472
7,0.0047846889952153
