Aop,Priority 5
month,Priority
1,41.370972559268246
2,41.03641924139664
3,41.14724586423274
4,38.15018728360088
5,38.58680335365854
6,37.49279960429621
7,38.53199511985072
8,39.00747883149873
9,40.70605588526212
