Aop,Priority 5
month,Priority
1,41.3709725592682
2,41.0364192413966
3,41.1472458642327
4,38.1501872836009
5,38.5868033536585
6,37.4927996042962
7,38.5319951198507
