Asp,Priority 5
month,Priority
1,28.9940246406571
2,29.8466980658126
3,30.3614238448374
4,29.3187991816179
5,29.3721829268293
6,29.0394177501413
7,29.4794258647912
