B2c & r burn daily orders,Priority 5
month,Priority
1,0.0
2,0.0
3,0.1662269129287599
4,0.1097560975609756
5,0.0823529411764705
6,0.0298507462686567
7,0.0047846889952153
