B2c only daily orders,Priority 5
month,Priority
1,0.0
2,0.0
3,0.0633245382585752
4,0.0
5,0.0117647058823529
6,0.0
7,0.0
