B2c per order,Priority 5
month,Priority
1,1.800849355983
2,1.916165536297
3,2.464142612664
4,0.44519515266
5,0.734847560976
6,0.196661955907
7,0.044481125305
