B2c gmv,Priority 5
month,Priority
1,0.0435293
2,0.04669427
3,0.05988597
4,0.01166954
5,0.01904401
6,0.00524533
7,0.00115439
