B2c and p2c orders,Priority 5
month,Priority
1,0.0
2,0.0
3,0.0527704485488126
4,0.0040650406504065
5,0.0078431372549019
6,0.0
7,0.0
