B cancel rate,Priority 5
month,Priority
1,0.0677909500751377
2,0.0636763214245463
3,0.0597245065789473
4,0.0554067390384886
5,0.0660201912858661
6,0.0552292890166187
7,0.053867755935665
