Bad rating rate,Priority 5
month,Priority
1,0.035654284114243
2,0.0306455664405928
3,0.030690245293782
4,0.0286433742524394
5,0.0320121951219512
6,0.0296777840587902
7,0.0294244294531362
