Daily orders,Priority 5
month,Priority
1,214.28
2,274.55172413793105
3,282.741935483871
4,211.8
5,211.6129032258065
6,235.86666666666667
7,224.74193548387095
