Daily online hours,Priority 5
month,Priority
1,4107.117311111111
2,5727.45422413793
3,5520.461227598566
4,5342.989490740741
5,5159.6440053763445
6,5208.5699629629635
7,4654.288028673835
