Healthy stores,Priority 5
month,Priority
1,412.64
2,555.2758620689655
3,550.258064516129
4,528.1
5,519.3870967741935
6,518.7
7,460.8709677419355
8,405.2903225806452
9,375.1333333333333
