Imperfect order rate,Priority 5
month,Priority
1,0.0298674631323501
2,0.0310223561919115
3,0.0288648031945236
4,0.0316336166194523
5,0.0282012195121951
6,0.0286885245901639
7,0.0281326252332424
8,0.0237087214225232
9,0.0257171117705242
