No burn daily orders,Priority 5
month,Priority
1,0.0
2,0.0
3,0.1899736147757255
4,0.2479674796747967
5,0.2509803921568627
6,0.3034825870646766
7,0.2870813397129186
