Overdue orders per total orders,Priority 5
month,Priority
1,0.1743119266055046
2,0.197760724619449
3,0.1750171585449554
4,0.1667192429022082
5,0.1851681957186544
6,0.1830826000567698
7,0.1820017306028266
