P2c burn per order,Priority 5
month,Priority
1,4.329482919545
2,4.174802813363
3,3.439655447804
4,3.174542020774
5,3.830163109756
6,4.176164499717
7,4.566263815128
