P2c only orders,Priority 5
month,Priority
1,0.0
2,0.0
3,0.1741424802110818
4,0.2073170731707317
5,0.2117647058823529
6,0.2985074626865671
7,0.291866028708134
