P2c gmv,Priority 5
month,Priority
1,0.10465026
2,0.10173409
3,0.08359382
4,0.0832117
5,0.09926096
6,0.11138577
7,0.11850577
