R burn only orders,Priority 5
month,Priority
1,0.0
2,0.0
3,0.1240105540897097
4,0.1951219512195122
5,0.196078431372549
6,0.1840796019900497
7,0.215311004784689
