R burn per order,Priority 5
month,Priority
1,6.2466156430838
2,5.0987528259231
3,4.8820239589276
4,5.2116509285489
5,4.6496097560976
6,4.0805553985302
7,4.4418243146261
