R burn gmv,Priority 5
month,Priority
1,0.150990302
2,0.124249457
3,0.118647648
4,0.13660879
5,0.120497407
6,0.108835708
7,0.115276261
