R burn and p2c orders,Priority 5
month,Priority
1,0.0
2,0.0
3,0.1055408970976253
4,0.1666666666666666
5,0.1725490196078431
6,0.1592039800995024
7,0.1961722488038277
