Ted per order,Priority 5
month,Priority
1,12.3769479186112
2,11.189721175584
3,10.7858220193953
4,8.831388101983
5,9.2146204268293
6,8.4533818541549
7,9.0525692550596
