Ted gmv,Priority 5
month,Priority
1,0.299169856
2,0.272677816
3,0.262127435
4,0.231490033
5,0.238802379
6,0.225466808
7,0.234936427
