Tri gmv,Priority 5
month,Priority
1,0.222989175825936
2,0.2254307712832631
3,0.2272764868401742
4,0.2213691732174111
5,0.2259379322270033
6,0.2282775607375902
7,0.2255821432186062
8,0.2260600713089768
9,0.2281947199436941
