Tri gmv,Priority 5
month,Priority
1,0.222989176
2,0.225430771
3,0.227276487
4,0.221369173
5,0.225937932
6,0.228277561
7,0.225582143
