Tri per order,Priority 5
month,Priority
1,9.2252790741086
2,9.2508716402914
3,9.3518014831717
4,8.4452754170601
5,8.7182225609756
6,8.558764838892
7,8.6921300416248
