Aop,Priority 1
month,Priority
1,258.0412591081317
2,269.50583778966126
3,246.08626231769685
4,246.21790542816555
5,248.0169162782911
6,248.66109878935987
7,246.69687837080767
8,250.30662977479471
9,250.60627028641755
