Aop,Priority 1
month,Priority
1,258.0412591081317
2,269.5058377896613
3,246.0862623176969
4,246.2179054281655
5,248.0169162782911
6,248.6610987893599
7,246.6968783708077
