Asp,Priority 1
month,Priority
1,202.3237219469542
2,199.2420435446906
3,184.7867437807904
4,179.1914759701522
5,183.2785545295812
6,183.423815671227
7,183.6215051539618
