B2c & p2c daily orders,Priority 1
month,Priority
1,0.0
2,0.0
3,0.0065094969934141
4,0.0084030536587151
5,0.0035451272773787
6,0.0032691142169736
7,0.0001931688471331
