B2c only daily orders,Priority 1
month,Priority
1,0.0
2,0.0
3,0.0174668321084279
4,0.0192592863811947
5,0.0077846609286771
6,0.0074565189443332
7,0.0004390201071209
