B2c & r burn daily orders,Priority 1
month,Priority
1,0.0
2,0.0
3,0.3124940345518755
4,0.3448547315233509
5,0.3315973173985344
6,0.3169938841852008
7,0.3359206251646325
