"B2c, r burn & p2c daily orders",Priority 1
month,Priority
1,0.0
2,0.0
3,0.1350195666698482
4,0.1707888618347582
5,0.1686311057507812
6,0.1681022608312365
7,0.1621037843533233
