B2c gmv,Priority 1
month,Priority
1,0.01100266
2,0.04579171
3,0.03287341
4,0.04799872
5,0.03814451
6,0.03569879
7,0.03423714
