B2c per order,Priority 1
month,Priority
1,2.839141163898
2,12.341134453782
3,8.089694297581
4,11.818143444364
5,9.460484513512
6,8.876899858955
7,8.446195358291
