B2c gmv,Priority 1
month,Priority
1,0.0110026635806642
2,0.0457917147732186
3,0.0328734087851568
4,0.0479987165182492
5,0.0381445131060996
6,0.0356987880379075
7,0.0342371391728563
8,0.0365718369290857
9,0.0326509374287632
