B2c per order,Priority 1
month,Priority
1,2.8391411638977946
2,12.341134453781512
3,8.089694297580982
4,11.818143444363622
5,9.460484513511696
6,8.876899858954548
7,8.44619535829055
8,9.15417324639284
9,8.182529650377557
