B cancel rate,Priority 1
month,Priority
1,0.016655749976607
2,0.013063840276066
3,0.0085664522304683
4,0.0084659911450613
5,0.0087513733740563
6,0.00814948280192
7,0.0085709324497463
