Bad rating rate,Priority 1
month,Priority
1,0.0187506072087826
2,0.0263559969442322
3,0.0163719311505738
4,0.0159503317239392
5,0.0173528132224935
6,0.0162465503857935
7,0.0155392074392426
