Daily online hours,Priority 1
month,Priority
1,807.9504480286738
2,751.8383333333334
3,26476.8107437276
4,27613.316759259254
5,26240.974354838705
6,27201.42583333334
7,31427.29348566308
