Daily online hours,Priority 1
month,Priority
1,807.9504480286737
2,751.8383333333334
3,26476.81074372759
4,27613.316759259254
5,26240.97435483871
6,27201.425833333335
7,31427.29348566308
