Exposure per eff online,Priority 1
month,Priority
1,375.2983358547655
2,337.3291652585333
3,955.2853889570551
4,930.6855690223862
5,1000.2157725587144
6,955.748668660815
7,841.1000279247019
