Healthy stores,Priority 1
month,Priority
1,95.61290322580643
2,89.55172413793103
3,3028.7741935483873
4,3169.7
5,3010.8387096774195
6,3136.5
7,3621.3548387096776
