Imperfect order rate,Priority 1
month,Priority
1,0.0222481297969493
2,0.0282658517952635
3,0.0198231710404602
4,0.0190320202695775
5,0.0197290468774132
6,0.018353049495689
7,0.0170193747270357
