No burn daily orders,Priority 1
month,Priority
1,0.0
2,0.0
3,0.173732938818364
4,0.1601523167896307
5,0.1517095188494782
6,0.1314073720362173
7,0.1315304240934234
