Orders per eff online,Priority 1
month,Priority
1,3.1143721633888046
2,2.654275092936803
3,15.896127607361963
4,15.991490524425709
5,16.775100123609395
6,16.020359927426078
7,14.49900620913959
