P2c only daily orders,Priority 1
month,Priority
1,0.0
2,0.0
3,0.0552257325570296
4,0.0586749171594383
5,0.0628985983955558
6,0.0602765891017282
7,0.0575467556414083
