P2c gmv,Priority 1
month,Priority
1,0.04664103
2,0.03685293
3,0.04367588
4,0.04752697
5,0.0441466
6,0.04388237
7,0.03689281
