P2c burn per order,Priority 1
month,Priority
1,12.035311376664
2,9.932079195314
3,10.748034546979
4,11.701989995802
5,10.949102548836
6,10.911838304614
7,9.101340449239
