R burn per order,Priority 1
month,Priority
1,40.843084620616
2,47.9905805958747
3,42.4617896923463
4,43.5062960178482
5,44.3287746863619
6,45.4485449545643
7,45.5278374093164
