R burn and p2c orders,Priority 1
month,Priority
1,0.0
2,0.0
3,0.0892049250739715
4,0.0724969335261703
5,0.0886099080825247
6,0.106999210270161
7,0.1005004829221178
