R burn only orders,Priority 1
month,Priority
1,0.0
2,0.0
3,0.2103464732270688
4,0.1653698991267415
5,0.1852237633170696
6,0.205495050414149
7,0.2117657388708403
