R burn gmv,Priority 1
month,Priority
1,0.158281217
2,0.178068798
3,0.172548395
4,0.176698343
5,0.178732868
6,0.18277304
7,0.18454971
