Ted per order,Priority 1
month,Priority
1,55.7175371611775
2,70.2637942449707
3,61.2995185369065
4,67.0264294580134
5,64.7383617487099
6,65.2372831181329
7,63.0753732168459
