Ted gmv,Priority 1
month,Priority
1,0.215924916
2,0.260713441
3,0.249097686
4,0.272224026
5,0.261023977
6,0.262354198
7,0.255679657
