Tri per order,Priority 1
month,Priority
1,56.6462333624794
2,56.7446129360835
3,50.5551121575776
4,50.4933832363466
5,50.4513711239568
6,50.4215514264935
7,50.6395543127362
