Tri gmv,Priority 1
month,Priority
1,0.219523938
2,0.210550589
3,0.205436548
4,0.205076
5,0.203419073
6,0.202772173
7,0.205270349
