Tri gmv,Priority 1
month,Priority
1,0.2195239379867614
2,0.2105505891874982
3,0.2054365476619375
4,0.2050760002548966
5,0.2034190727028757
6,0.2027721733394473
7,0.20527034896899
8,0.2037308110471644
9,0.2024775739989301
