Active rs,Priority 4
month,Priority
1,119.56
2,115.48275862068964
3,114.03225806451611
4,118.1
5,110.19354838709675
6,99.7
7,64.93548387096774
