Aop,Priority 4
month,Priority
1,7806.712917685411
2,8831.361223780275
3,8894.10478504278
4,8417.48579671549
5,8404.577307980986
6,8516.924059517125
7,8720.684845775591
8,9278.752141144229
9,9247.780240779668
