Asp,Priority 4
month,Priority
1,6145.979115729421
2,7172.210569011473
3,7160.410795394528
4,6965.220705725699
5,6813.598448836628
6,6923.221083660865
7,6938.948815377737
8,7174.219081877355
9,7045.316453277279
