"B2c, r burn & p2c daily orders",Priority 4
month,Priority
1,0.0
2,0.0
3,0.0662460567823343
4,0.0431893687707641
5,0.0465116279069767
6,0.0084033613445378
7,0.0
