B2c gmv,Priority 4
month,Priority
1,0.01299184
2,0.0164299
3,0.01940479
4,0.01317646
5,0.01300802
6,0.00221345
7,1.025e-05
