B2c per order,Priority 4
month,Priority
1,101.423594132029
2,145.098389152857
3,172.588253934721
4,110.912671992898
5,109.326870152614
6,18.851768669287
7,0.089405453733
