B2c r burn orders,Priority 4
month,Priority
1,0.0
2,0.0
3,0.2082018927444795
4,0.1295681063122923
5,0.0968992248062015
6,0.0252100840336134
7,0.0
