Daily orders,Priority 4
month,Priority
1,392.64
2,297.55172413793105
3,305.38709677419354
4,300.4
5,257.8709677419355
6,237.46666666666667
7,144.32258064516128
