Daily online hours,Priority 4
month,Priority
1,1327.8612888888902
2,1491.4131609195406
3,1403.7350716845897
4,1533.9555092592589
5,1492.885152329752
6,1349.5810185185182
7,890.063082437276
8,1424.79305555556
9,1082.991953703705
