Daily online hours,Priority 4
month,Priority
1,1327.8612888888892
2,1491.4131609195406
3,1403.735071684588
4,1533.955509259259
5,1492.885152329749
6,1349.5810185185187
7,890.0630824372759
