Healthy stores,Priority 4
month,Priority
1,128.72
2,140.48275862068965
3,133.6451612903226
4,144.96666666666667
5,137.74193548387098
6,125.0
7,84.3225806451613
