Imperfect order rate,Priority 4
month,Priority
1,0.0269967400162999
2,0.0239888747247653
3,0.0242949191929861
4,0.021415889924545
5,0.0245183887915936
6,0.0231611454239191
7,0.0207867679928475
8,0.0253511476533059
9,0.0244601566978788
