No burn orders,Priority 4
month,Priority
1,0.0
2,0.0
3,0.1924290220820189
4,0.2358803986710963
5,0.2170542635658914
6,0.1932773109243697
7,0.2068965517241379
