Overdue orders per total orders,Priority 4
month,Priority
1,0.1346780766096169
2,0.1823133982382939
3,0.202324352879028
4,0.1714951714951715
5,0.1846846846846846
6,0.179980345360101
7,0.1658471166741171
