P2c only daily orders,Priority 4
month,Priority
1,0.0
2,0.0
3,0.0757097791798107
4,0.0863787375415282
5,0.0968992248062015
6,0.1008403361344537
7,0.1103448275862069
