P2c gmv,Priority 4
month,Priority
1,0.0522687814885246
2,0.0496829139655167
3,0.0454765643287824
4,0.0465889847215565
5,0.0534667309834546
6,0.0580124782761119
7,0.0488702375599312
8,0.0445203381136806
9,0.047340069563695
