P2c burn per order,Priority 4
month,Priority
1,408.047371638142
2,438.767759879476
3,404.473328403929
4,392.162117177097
5,449.365273955467
6,494.087871982033
7,426.181940098346
