P2c gmv,Priority 4
month,Priority
1,0.05226878
2,0.04968291
3,0.04547656
4,0.04658898
5,0.05346673
6,0.05801248
7,0.04887024
