R burn & p2c daily orders,Priority 4
month,Priority
1,0.0
2,0.0
3,0.1072555205047318
4,0.1362126245847176
5,0.1705426356589147
6,0.2058823529411764
7,0.193103448275862
