R burn only orders,Priority 4
month,Priority
1,0.0
2,0.0
3,0.3091482649842271
4,0.3687707641196013
5,0.3720930232558139
6,0.4663865546218487
7,0.4896551724137931
