R burn per order,Priority 4
month,Priority
1,1151.2628361858192
2,1075.28450573647
3,1156.6324073096018
4,949.1903018197958
5,1032.2867150362772
6,1080.763335204941
7,1355.4646848457755
