R burn gmv,Priority 4
month,Priority
1,0.147470882
2,0.121757505
3,0.130044837
4,0.112764111
5,0.122824346
6,0.126895969
7,0.155430991
