Ted gmv,Priority 4
month,Priority
1,0.2127315067771668
2,0.1878703195042226
3,0.1949261934223898
4,0.1725295564569252
5,0.1892990927257656
6,0.1871218957359844
7,0.2043114803375734
8,0.2268120785266872
9,0.2381613457670899
