Ted gmv,Priority 4
month,Priority
1,0.212731507
2,0.18787032
3,0.194926193
4,0.172529556
5,0.189299093
6,0.187121896
7,0.20431148
