Tri per order,Priority 4
month,Priority
1,1699.4555827220863
2,1952.2182176381968
3,1945.185169536284
4,1881.486573457612
5,1841.604828621466
6,1849.171813587872
7,1845.7326776933392
