Tri gmv,Priority 4
month,Priority
1,0.2176915688640376
2,0.2210551882286779
3,0.218704998035047
4,0.2235212056065208
5,0.2191192681246061
6,0.2171173302316273
7,0.2116499690488683
8,0.2062544034353002
9,0.2016102779138264
