Tri gmv,Priority 4
month,Priority
1,0.217691569
2,0.221055188
3,0.218704998
4,0.223521206
5,0.219119268
6,0.21711733
7,0.211649969
