Orders per eff online,priority_4
month,Old priority,New priority
1,3.543219992,1.721006565
2,2.894466243,1.75715696
3,2.741686461,1.967663703
4,2.516754232,1.854691076
5,2.66709347,1.855417645
