B2c gmv,priority_4
month,Old priority,New priority
1,0.07058188,0.02986004
2,0.05793759,0.04461335
3,0.0651507,0.0559311
4,0.05091536,0.04588115
5,0.04374827,0.05655681
