Daily orders,priority_4
month,Old priority,New priority
1,837.0,101.483871
2,737.6896552,122.7586207
3,744.6774194,157.0322581
4,718.5333333,162.1
5,739.1290323,178.4193548
