Ted gmv,priority_4
month,Old priority,New priority
1,0.411099491,0.331132964
2,0.380723416,0.33757697
3,0.374892019,0.347426872
4,0.362947938,0.341605729
5,0.373899834,0.363732783
