B2c per order,priority_4
month,Old priority,New priority
1,3.199579913,1.261328671
2,2.507361754,1.868390449
3,2.892395062,2.436016845
4,2.168886157,1.950783467
5,1.848495177,2.408723558
