Healthy stores,priority_4
month,Old priority,New priority
1,201.8387097,50.22580645
2,218.9655172,61.27586207
3,228.8064516,69.83870968
4,244.5,75.7
5,236.1935484,81.38709677
