Daily online hours,priority_4
month,Old priority,New priority
1,1974.739462,572.8311828
2,2106.34046,669.275364
3,2237.386801,734.849319
4,2369.862417,796.7263426
5,2305.666774,860.2853315
