R burn per order,priority_4
month,Old priority,New priority
1,10.86094577,8.387145582
2,10.0966073,8.256606742
3,10.4809543,9.367851274
4,10.26576638,9.539189801
5,10.37886876,9.553737118
