R burn gmv,priority_4
month,Old priority,New priority
1,0.239589581,0.198552908
2,0.233302223,0.197150904
3,0.236081689,0.215086449
4,0.240992438,0.224355488
5,0.2456363,0.224321662
