Eff online rs,priority_4
month,Old priority,New priority
1,9994.09677419355,6796.08
2,10172.96551724138,7744.9655172413795
3,9702.451612903224,8017.387096774193
4,9735.166666666666,8338.633333333333
5,9465.258064516129,7669.548387096775
6,9526.766666666666,7107.033333333334
