Imperfect order rate,priority_4
month,Old priority,New priority
1,0.0219532184308729,0.0214233984381579
2,0.0210481133710164,0.0209122959413926
3,0.0221159019879909,0.021405128192324
4,0.020615978789387,0.0198080159235352
5,0.0216359800515708,0.0211456456377115
6,0.0205455045983079,0.0198933130353914
