Ted gmv,priority_4
month,Old priority,New priority
1,0.178028751,0.174394225
2,0.162972401,0.162145209
3,0.166884023,0.166448283
4,0.164718736,0.167922963
5,0.164883723,0.166602291
