B2c gmv,priority_4
month,Old priority,New priority
1,0.02751898,0.02213141
2,0.03038327,0.02583147
3,0.02991775,0.02491574
4,0.02025115,0.01173402
5,0.01318786,0.00827142
