Orders per eff online,priority_4
month,Old priority,New priority
1,3.1892315,3.175839641
2,2.937185423,2.945225147
3,3.102738103,3.227731311
4,2.859617038,3.043698743
5,3.066914749,3.194183019
