Daily orders,priority_4
month,Old priority,New priority
1,28586.41935,22492.93548
2,27628.48276,21999.2069
3,29144.41935,24025.77419
4,27936.93333,23208.0
5,29297.74194,24458.58065
