R burn gmv,priority_4
month,Old priority,New priority
1,0.098429374,0.10041908
2,0.09379013,0.098197633
3,0.097863349,0.102805091
4,0.101892839,0.112932
5,0.110247012,0.116667042
