Healthy stores,priority_4
month,Old priority,New priority
1,7479.548387,5900.483871
2,7897.965517,6245.62069
3,7909.967742,6274.322581
4,8292.066667,6461.5
5,8056.16129,6438.516129
