R burn per order,priority_4
month,Old priority,New priority
1,24.21153133,25.51269554
2,23.45034568,25.4187174
3,24.93402642,26.96534646
4,25.42334463,29.00337095
5,27.87579951,30.39469791
