Daily online hours,priority_4
month,Old priority,New priority
1,64439.38407,52115.94637
2,67847.9951,55321.73348
3,68070.05547,55507.84319
4,70935.72881,56843.95634
5,68571.43018,56325.32479
