B2c per order,priority_4
month,Old priority,New priority
1,6.769083786,5.622756435
2,7.596729125,6.686543621
3,7.622567913,6.535294543
4,5.052877779,3.01354948
5,3.334531561,2.154913613
