B2c per order,Old_1_vs_New_Rs
month,Old priority,New priority
1,,3.58545233463035
2,,4.858090307248345
3,,4.162697530864198
4,7.98729468599,3.7572151898734174
5,3.776972090574,3.0571546465733763
6,4.265254612546,4.730985237483954
