Daily online hours,Old_1_vs_New_Rs
month,Old priority,New priority
1,0.0,1574.9699283154134
2,0.0,1616.6553352490423
3,0.0,1364.5085752688124
4,206.38137037037035,890.197500000002
5,491.092105734767,634.0520519713275
6,660.3606296296296,471.2670000000005
