Orders per eff online,Old_1_vs_New_Rs
month,Old priority,New priority
1,,0.8260345520289273
2,,0.851792943898207
3,,0.8014511873350924
4,0.8752642706131079,0.9404761904761904
5,0.9368524913665516,1.0605022831050228
6,1.6437525272947835,1.8147932440302847
