R burn gmv,Old_1_vs_New_Rs
month,Old priority,New priority
1,,0.1318761436349755
2,,0.1123073467317847
3,,0.1248102989559261
4,0.057323642,0.1693681376345384
5,0.13272546,0.1698014936631153
6,0.15243906,0.1427852139818194
