Healthy stores,Old_1_vs_New_Rs
month,Old priority,New priority
1,0.0,170.06451612903226
2,0.0,167.51724137931035
3,0.0,137.03225806451613
4,22.3,97.9
5,52.903225806451616,69.0
6,68.06666666666666,47.23333333333333
