B2c gmv,Old_1_vs_New_Rs
month,Old priority,New priority
1,,0.0986747331462616
2,,0.1314627040911947
3,,0.1112200488130576
4,0.22463175,0.1000306310711299
5,0.10285823,0.0824999540068728
6,0.11515042,0.129424629199436
