Ted gmv,Old_1_vs_New_Rs
month,Old priority,New priority
1,,0.3372016621386046
2,,0.3520762822420908
3,,0.3252289950332067
4,0.351804243,0.3497215546986605
5,0.339412929,0.3472396861622656
6,0.364193113,0.3678418854069543
