Bad rating rate,Old_1_vs_New_Rs
month,Old priority,New priority
1,,0.0350194552529182
2,,0.0371753522322186
3,,0.0440329218106995
4,0.0265700483091787,0.0275178866263071
5,0.029489204844655,0.0304987441693577
6,0.0351783517835178,0.0365853658536585
