R burn per order,Old_1_vs_New_Rs
month,Old priority,New priority
1,,4.79186121919585
2,,4.150220675606858
3,,4.671347736625513
4,2.0382729468599,6.361576774903687
5,4.8737019483939,6.292238966630785
6,5.6464526445264,5.219367779204108
