Daily orders,Old_1_vs_New_Rs
month,Old priority,New priority
1,0.0,198.96774193548387
2,0.0,203.1379310344828
3,0.0,156.7741935483871
4,27.6,121.13333333333334
5,61.25806451612903,89.90322580645162
6,135.5,103.86666666666666
