Daily orders,Old_3_vs_New_2
month,Old priority,New priority
1,325.6774194,2794.387097
2,293.2068966,2931.931034
3,264.7096774,3085.032258
4,103.6666667,3134.833333
5,142.516129,3731.935484
