B2c per order,Old_3_vs_New_2
month,Old priority,New priority
1,1226.729596,1125.203322
2,2035.082794,1456.068544
3,2061.186815,1545.211834
4,851.4488746,1427.772705
5,1719.621096,1505.789852
