B2c gmv,Old_3_vs_New_2
month,Old priority,New priority
1,0.01813048,0.02524254
2,0.03700477,0.03369972
3,0.04848106,0.03516061
4,0.01945894,0.03292413
5,0.03990312,0.03504397
