R burn per order,Old_3_vs_New_2
month,Old priority,New priority
1,6260.393324,7803.136275
2,6452.891097,7623.910345
3,7150.493907,8200.812675
4,5361.84373,8788.701611
5,6708.188547,8923.517659
