Daily online hours,Old_3_vs_New_2
month,Old priority,New priority
1,826.9954391,4750.470484
2,1102.054176,5427.32251
3,1088.439677,5555.569937
4,981.8575556,5869.94213
5,945.4795789,6392.00147
