Healthy stores,Old_3_vs_New_2
month,Old priority,New priority
1,96.77419355,563.0322581
2,127.5517241,641.6896552
3,125.2903226,656.0
4,114.8333333,695.6
5,110.0967742,750.0322581
