Daily online hours,Old_3_vs_New_2
month,Old priority,New priority
1,2152.262159498208,23967.049901433613
2,3074.366388888888,26389.14659003832
3,3284.8565501792104,26759.526146953413
4,2974.875092592592,29590.060712962884
5,2931.6227329749104,31153.63024193541
6,2747.658212962964,32532.67386111115
