Healthy stores,Old_3_vs_New_2
month,Old priority,New priority
1,247.06451612903223,3066.032258064516
2,346.9655172413793,3364.3793103448274
3,373.0,3379.1290322580644
4,340.56666666666666,3714.8
5,335.03225806451616,3910.3225806451615
6,320.26666666666665,4080.433333333333
