Bad rating rate,Old_3_vs_New_2
month,Old priority,New priority
1,0.0220707218081014,0.0163319228130709
2,0.022982062780269,0.0163357281282348
3,0.0245119305856832,0.0173680090515596
4,0.0270626272302718,0.0166333752765649
5,0.0213338856669428,0.0181692154141584
6,0.0211193241816261,0.0176586087311301
