B2c gmv,Old_3_vs_New_2
month,Old priority,New priority
1,0.05776556,0.0274704173274342
2,0.06976335,0.0238029035588434
3,0.06416569,0.0280205143579399
4,0.03932064,0.039919296619348
5,0.02727601,0.0253729376854406
6,0.0279224,0.0307033859308407
