B cancel rate,Old_3_vs_New_2
month,Old priority,New priority
1,0.0381319305524684,0.022270262906519
2,0.0366575342465753,0.0217916713455242
3,0.0481099656357388,0.0232272900294022
4,0.0872902169463774,0.0230033505158768
5,0.0562034739454094,0.0237185028294397
6,0.0478468899521531,0.0218452964257917
