Ted gmv,Old_3_vs_New_2
month,Old priority,New priority
1,0.221229657,0.1909576398817167
2,0.215081738,0.1720747930875442
3,0.199114313,0.1809441953133267
4,0.173684956,0.2001188939511126
5,0.182643301,0.1932209361663218
6,0.19927758,0.2101503529628015
