Orders per eff online,Old_2_vs_New_1
month,Old priority,New priority
1,12.10961528,15.03788468
2,11.71535641,14.70270678
3,13.00376138,16.54041822
4,13.26880476,16.59548837
5,13.52328594,16.79155482
