Daily online hours,Old_2_vs_New_1
month,Old priority,New priority
1,40153.64316,24404.56916
2,41437.65617,25742.06287
3,41228.07763,25734.14567
4,43018.67829,26528.46157
5,42055.77642,26201.59263
