R burn per order,Old_2_vs_New_1
month,Old priority,New priority
1,38.40500633,40.83503955
2,38.6387798,41.61727677
3,40.08646983,43.17068453
4,41.53962977,44.27619042
5,41.79620223,44.37442226
