Healthy stores,Old_2_vs_New_1
month,Old priority,New priority
1,4686.774194,2811.612903
2,4837.862069,2962.241379
3,4783.645161,2940.451613
4,5013.966667,3034.7
5,4912.387097,3006.612903
