B2c per order,Old_2_vs_New_1
month,Old priority,New priority
1,8.043481179,8.390519384
2,6.377066877,6.465873354
3,8.130388188,8.347959702
4,11.2001066,11.63184632
5,8.559132269,9.428511655
