Daily orders,Old_2_vs_New_1
month,Old priority,New priority
1,63023.51613,46121.67742
2,62578.58621,47106.96552
3,68474.45161,52460.87097
4,72595.4,54047.63333
5,73239.93548,54684.67742
