Healthy stores,Old_2_vs_New_1
month,Old priority,New priority
1,62.38709677,84.93548387
2,64.06896552,92.72413793
3,62.4516129,93.90322581
4,64.26666667,96.16666667
5,65.19354839,95.22580645
