B cancel rate,Old_2_vs_New_1
month,Old priority,New priority
1,0.007609222263,0.008951731855
2,0.008611994724,0.01004216422
3,0.007927287638,0.009246248103
4,0.008793276875,0.01067595177
5,0.009383567451,0.01158536585
