Daily online hours,Old_2_vs_New_1
month,Old priority,New priority
1,661.9218638,880.7716935
2,670.8327395,938.0806322
3,670.2187366,975.3505108
4,679.6613426,996.7485556
5,672.9741935,976.2226882
