Bad rating rate,Old_2_vs_New_1
month,Old priority,New priority
1,0.02208563698,0.02256606946
2,0.02085840353,0.02215179316
3,0.02220729163,0.02358421895
4,0.02032685035,0.02192060537
5,0.02039364477,0.02170430883
