Daily orders,Old_2_vs_New_1
month,Old priority,New priority
1,1096.903226,1227.935484
2,859.6551724,1033.62069
3,912.2258065,1107.903226
4,987.2,1110.066667
5,1088.258065,1208.322581
