R burn gmv,Old_2_vs_New_1
month,Old priority,New priority
1,0.296377398,0.291967541
2,0.290562083,0.289858181
3,0.299661992,0.295808577
4,0.313102772,0.306834526
5,0.287311487,0.283464049
