B2c gmv,Old_2_vs_New_1
month,Old priority,New priority
1,0.08574115,0.08540854
2,0.06616652,0.06531817
3,0.07291734,0.07332453
4,0.07255999,0.06954809
5,0.07828684,0.07338132
