Orders per eff online,Old_2_vs_New_1
month,Old priority,New priority
1,15.9943556,13.1352657
2,12.40915879,10.29007896
3,12.97797155,10.49984714
4,13.89770061,10.23102919
5,15.29977324,11.21497006
