Ted gmv,Old_2_vs_New_1
month,Old priority,New priority
1,0.464742368,0.462150524
2,0.428533401,0.428498098
3,0.429817973,0.428557129
4,0.438931894,0.431753157
5,0.430981527,0.425075978
