B2c per order,Old_2_vs_New_1
month,Old priority,New priority
1,3.719896777,3.771275679
2,2.690946651,2.735286739
3,3.048491106,3.138202358
4,2.995468328,2.898076692
5,3.209126452,3.026246463
