R burn per order,Old_2_vs_New_1
month,Old priority,New priority
1,12.85839284,12.89203778
2,11.81695909,12.1382035
3,12.52811627,12.6602536
4,12.92571076,12.78582878
5,11.77744368,11.6900598
