Daily orders,Old_1_vs_New_Rs
month,Old priority,New priority
1,0.0,2198.741935
2,0.0,2227.793103
3,0.0,2871.419355
4,1094.1,3328.366667
5,3510.870968,4083.225806
