Bad rating rate,Old_1_vs_New_Rs
month,Old priority,New priority
1,,0.02329778026
2,,0.0245023682
3,,0.02341204754
4,0.02476921671,0.02426615657
5,0.02545090364,0.02539105704
