Ted gmv,Old_1_vs_New_Rs
month,Old priority,New priority
1,,0.266098306
2,,0.270965151
3,,0.259729814
4,0.332676022,0.278258815
5,0.299982473,0.289630828
