Daily online hours,Old_1_vs_New_Rs
month,Old priority,New priority
1,0.0,6062.451658
2,0.0,6961.306571
3,0.0,8192.263504
4,2638.537944,8692.251056
5,7254.420977,8797.669919
