Healthy stores,Old_1_vs_New_Rs
month,Old priority,New priority
1,0.0,637.0322581
2,0.0,715.6206897
3,0.0,873.1290323
4,265.0666667,956.6
5,779.2258065,956.483871
