R burn per order,Old_1_vs_New_Rs
month,Old priority,New priority
1,,22.47570003
2,,21.98275238
3,,25.18917519
4,16.76646681,25.71811008
5,25.46252028,26.30311566
