Orders per eff online,Old_1_vs_New_Rs
month,Old priority,New priority
1,,2.575806817
2,,2.264176071
3,,2.475843462
4,2.877443675,2.686766764
5,3.391934428,3.239743032
