R burn gmv,Old_1_vs_New_Rs
month,Old priority,New priority
1,,0.087770262
2,,0.088116485
3,,0.101196111
4,0.064409788,0.103811352
5,0.101464299,0.105159682
