B2c per order,Old_1_vs_New_Rs
month,Old priority,New priority
1,,32.25872537
2,,35.17987432
3,,29.5554032
4,58.27390641,31.65064827
5,37.73261896,34.08981285
