B cancel rate,Old_1_vs_New_Rs
month,Old priority,New priority
1,,0.02571907288
2,,0.02934885413
3,,0.02933736916
4,0.02679651933,0.0248382185
5,0.02632834526,0.02627102204
