Active rs,Priority 4
month,Priority
1,590.4
2,541.3793103448276
3,592.2258064516129
4,533.9666666666667
5,588.7741935483871
6,483.4333333333333
7,452.2258064516129
8,472.1612903225807
9,435.5
