All 3 burns orders,Priority 4
month,Priority
1,0.0
2,0.0
3,0.1640480591497227
4,0.1231060606060606
5,0.1716287215411558
6,0.0654761904761904
7,0.0613496932515337
