Aop,Priority 4
month,Priority
1,42714.579395558525
2,44952.034951501046
3,45159.27785992952
4,44089.53337439208
5,45537.54343595062
6,43499.48090451237
7,42895.26983952275
