Asp,Priority 4
month,Priority
1,29087.23507680748
2,30780.03684077137
3,30072.32281965769
4,29963.304032960263
5,29498.74885993948
6,29902.65263136431
7,29196.29588130407
8,28042.933008156408
9,27963.799763060168
