B2c only daily orders,Priority 4
month,Priority
1,0.0
2,0.0
3,0.0147874306839186
4,0.0018939393939393
5,0.0026269702276707
6,0.0011904761904761
7,0.0
