B2c & r burn daily orders,Priority 4
month,Priority
1,0.0
2,0.0
3,0.1307763401109057
4,0.0984848484848484
5,0.1519264448336252
6,0.0488095238095238
7,0.0429447852760736
