B2c gmv,Priority 4
month,Priority
1,0.01674305
2,0.03511262
3,0.0406377
4,0.02042406
5,0.04364181
6,0.01077882
7,0.01207604
