B2c per order,Priority 4
month,Priority
1,715.172315912506
2,1578.383936594245
3,1835.169110244148
4,900.487162061716
5,1987.340881646801
6,468.872866668026
7,518.004930988179
