B2c gmv,Priority 4
month,Priority
1,0.0167430494700568
2,0.0351126247854445
3,0.0406376983249442
4,0.0204240574381931
5,0.0436418113867304
6,0.0107788152161463
7,0.0120760385218721
8,0.0175461990031194
9,0.0366768181587635
