B2c and p2c orders,Priority 4
month,Priority
1,0.0
2,0.0
3,0.0249537892791127
4,0.0025252525252525
5,0.0030647985989492
6,0.0011904761904761
7,0.0
