B cancel rate,Priority 4
month,Priority
1,0.0378664810087414
2,0.0346995006027208
3,0.0287700016162922
4,0.0330953545232273
5,0.0256219631999575
6,0.0299591637027418
7,0.0320806599450045
