Daily orders,Priority 4
month,Priority
1,1916.48
2,1496.655172413793
3,2050.5806451612902
4,1569.5666666666666
5,2270.6774193548385
6,1634.7666666666669
7,1465.3870967741937
