Daily online hours,Priority 4
month,Priority
1,6180.910211111124
2,6406.55637931033
3,6435.714632616447
4,6354.02112962966
5,6575.950591397834
6,5420.96056481482
7,5259.65938172043
8,5716.71273297489
9,5391.091268518521
