Daily online hours,Priority 4
month,Priority
1,6180.9102111111115
2,6406.556379310345
3,6435.7146326164875
4,6354.021129629631
5,6575.95059139785
6,5420.960564814816
7,5259.659381720431
