Daily online hours,Priority 4
month,Priority
1,6180.910211111111
2,6406.556379310345
3,6435.7146326164875
4,6354.021129629629
5,6575.95059139785
6,5420.9605648148145
7,5259.65938172043
