Healthy stores,Priority 4
month,Priority
1,674.52
2,669.4827586206897
3,677.1612903225806
4,682.9
5,705.7096774193549
6,590.5
7,564.0967741935484
