Imperfect order rate,Priority 4
month,Priority
1,0.0288654199365503
2,0.0283851346681105
3,0.0297162094135414
4,0.0296260114256588
5,0.0304584392891136
6,0.030177599249638
7,0.0292117022915887
