No burn daily orders,Priority 4
month,Priority
1,0.0
2,0.0
3,0.1072088724584103
4,0.1306818181818181
5,0.101138353765324
6,0.1077380952380952
7,0.1070211315610088
