Overdue orders per total orders,Priority 4
month,Priority
1,0.1259375326438943
2,0.1457185663247666
3,0.1568862086882587
4,0.1506089396161448
5,0.1647144116225513
6,0.1667380879502091
7,0.1388130066972153
