P2c gmv,Priority 4
month,Priority
1,0.12731076
2,0.10841585
3,0.10587398
4,0.10442416
5,0.09103295
6,0.09707262
7,0.08964156
