P2c gmv,Priority 4
month,Priority
1,0.127310764927932
2,0.1084158473624542
3,0.1058739836125696
4,0.1044241624109272
5,0.0910329481142645
6,0.0970726169105091
7,0.08964155658265
8,0.1019157099577638
9,0.0958811576492211
