P2c only orders,Priority 4
month,Priority
1,0.0
2,0.0
3,0.1312384473197781
4,0.1534090909090909
5,0.1042031523642732
6,0.1220238095238095
7,0.1213360599863667
