P2c burn per order,Priority 4
month,Priority
1,5438.025776423443
2,4873.512959933645
3,4781.192644097659
4,4604.012593709516
5,4145.416828855962
6,4222.608445649736
7,3845.198758447619
