R burn & p2c daily orders,Priority 4
month,Priority
1,0.0
2,0.0
3,0.2264325323475046
4,0.2702020202020202
5,0.2469352014010508
6,0.3470238095238095
7,0.3599182004089979
