R burn gmv,Priority 4
month,Priority
1,0.174978809
2,0.171740862
3,0.187571496
4,0.195550484
5,0.217535601
6,0.204723063
7,0.21764102
