R burn only orders,Priority 4
month,Priority
1,0.0
2,0.0
3,0.2005545286506469
4,0.2196969696969697
5,0.2184763572679509
6,0.306547619047619
7,0.3074301295160191
