Ted gmv,Priority 4
month,Priority
1,0.319032623
2,0.315269334
3,0.334083177
4,0.320398704
5,0.35221036
6,0.312574495
7,0.319358615
