Tri gmv,Priority 4
month,Priority
1,0.1639251927044773
2,0.1646498964997711
3,0.1628506527436017
4,0.1587938374854891
5,0.1552837896900563
6,0.1580809176952632
7,0.1571360541533853
8,0.154096576300617
9,0.150552655819497
