Tri gmv,Priority 4
month,Priority
1,0.163925193
2,0.164649896
3,0.162850653
4,0.158793837
5,0.15528379
6,0.158080918
7,0.157136054
