Healthy stores,Old_3_vs_New_2
month,Old priority,New priority
1,24.096774193548388,78.3225806451613
2,26.6896551724138,89.6896551724138
3,22.806451612903224,121.74193548387096
4,19.266666666666666,151.3
5,22.580645161290324,146.3548387096774
6,24.5,151.86666666666667
