Ted gmv,Old_3_vs_New_2
month,Old priority,New priority
1,0.213194228,0.252064009
2,0.229238552,0.248078657
3,0.201473765,0.207521541
4,0.219382958,0.22907924
5,0.148040242,0.238834261
6,0.207169004,0.236686162
