B2c per order,Old_3_vs_New_2
month,Old priority,New priority
1,231.622881355932,254.915642013825
2,493.541631623213,194.058009269206
3,199.407480314961,174.416526261812
4,156.114285714286,201.304521808723
5,113.21322537112,197.283102834452
6,137.519621109608,188.853050365054
