R burn gmv,Old_3_vs_New_2
month,Old priority,New priority
1,0.133128124,0.176490975
2,0.123179758,0.179182447
3,0.13208148,0.143085335
4,0.158207092,0.161864929
5,0.082993823,0.167232428
6,0.134729708,0.157916307
