Eff online rs,Old_3_vs_New_2
month,Old priority,New priority
1,28.032258064516128,82.6774193548387
2,30.17241379310345,93.3793103448276
3,26.032258064516128,137.83870967741936
4,22.33333333333333,166.76666666666668
5,26.06451612903226,159.4516129032258
6,27.966666666666665,165.2
