Daily orders,Old_3_vs_New_2
month,Old priority,New priority
1,38.064516129032256,1054.645161290323
2,41.0,1123.4827586206898
3,32.774193548387096,440.35483870967744
4,22.166666666666668,499.8
5,23.90322580645161,471.1612903225807
6,24.633333333333333,538.7333333333333
