P2c burn per order,Old_3_vs_New_2
month,Old priority,New priority
1,406.708474576271,342.138924573316
2,409.322960470984,360.869187563304
3,363.620078740157,356.74939564867
4,371.658646616541,359.609377084167
5,418.396761133603,400.049500205395
6,514.914749661705,457.971971290682
