Bad rating rate,Old_3_vs_New_2
month,Old priority,New priority
1,0.0271186440677966,0.0215330029974918
2,0.0344827586206896,0.0206255179399036
3,0.0383858267716535,0.0250531096622958
4,0.0120300751879699,0.0224089635854341
5,0.0161943319838056,0.0236888949746679
6,0.0243572395128552,0.0256156416285113
