P2c gmv,Old_3_vs_New_2
month,Old priority,New priority
1,0.05101357,0.04330672
2,0.04808285,0.04480321
3,0.04481562,0.04327758
4,0.04308015,0.04309199
5,0.05119394,0.04795365
6,0.0571706,0.05577148
