R burn per order,Old_3_vs_New_2
month,Old priority,New priority
1,1061.371186440678,1394.3431516486205
2,1048.6131202691336,1443.231975691354
3,1071.6683070866145,1179.4930041755183
4,1364.8751879699248,1350.7880485527544
5,678.2901484480432,1395.1232370258797
6,1213.4614343707713,1296.7424823660438
