Imperfect order rate,Old_3_vs_New_2
month,Old priority,New priority
1,0.0372881355932203,0.0217776962133724
2,0.0378469301934398,0.0222215401614437
3,0.0354330708661417,0.0260054208482895
4,0.0180451127819548,0.0250766973456049
5,0.0148448043184885,0.0240312200465562
6,0.0243572395128552,0.0258631357505259
