B cancel rate,Old_3_vs_New_2
month,Old priority,New priority
1,0.0624024960998439,0.0102949029846318
2,0.0758150113722517,0.010420388233893
3,0.0626118067978533,0.0347265115640656
4,0.077445652173913,0.0310828666708613
5,0.0948991696322657,0.0247049669303592
6,0.0618181818181818,0.0259846667056826
