Daily online hours,Old_3_vs_New_2
month,Old priority,New priority
1,216.85546594982077,862.870017921147
2,234.42594827586203,976.7589655172414
3,203.66121863799285,1200.387553763441
4,171.71925000000002,1487.4562129629628
5,210.68955197132615,1435.7348745519712
6,216.31972222222225,1475.3029907407408
