B2c gmv,Old_3_vs_New_2
month,Old priority,New priority
1,0.02905253,0.03226631
2,0.05797595,0.024093
3,0.02457667,0.02115862
4,0.01809571,0.02412232
5,0.01385248,0.02364818
6,0.0152687,0.02299838
