Orders per eff online,Old_3_vs_New_2
month,Old priority,New priority
1,1.3578826237054085,12.756145142411237
2,1.3588571428571428,12.03138847858198
3,1.258983890954151,3.1947109758951555
4,0.9925373134328358,2.9970017989206474
5,0.917079207920792,2.954885696945175
6,0.8808104886769964,3.2610976594027443
