Daily online hours,Old_1_vs_New_Rs
month,Old priority,New priority
1,6062.451657706094,6062.451657706092
2,6961.306570881227,6961.306570881225
3,8192.263503584229,8192.263503584229
4,8692.251055555555,8692.251055555555
5,8797.66991935484,8797.66991935484
6,9818.90737962963,9818.90737962963
