Imperfect order rate,Old_1_vs_New_Rs
month,Old priority,New priority
1,0.0279632047651883,0.0279632047651883
2,0.0285886759743677,0.0285886759743677
3,0.0270519244163839,0.0270519244163839
4,0.0270202601876796,0.0270202601876796
5,0.0273028914520461,0.0273028914520461
6,0.024961416218578,0.024961416218578
