Eff online rs,Old_1_vs_New_Rs
month,Old priority,New priority
1,853.6129032258065,853.6129032258065
2,983.9310344827586,983.9310344827586
3,1159.774193548387,1159.774193548387
4,1238.8,1238.8
5,1260.354838709677,1260.354838709677
6,1423.1666666666667,1423.1666666666667
