Healthy stores,Old_1_vs_New_Rs
month,Old priority,New priority
1,637.0322580645161,637.0322580645161
2,715.6206896551724,715.6206896551724
3,873.1290322580645,873.1290322580645
4,956.6,956.6
5,956.483870967742,956.483870967742
6,1081.8,1081.8
