P2c burn per order,Old_1_vs_New_Rs
month,Old priority,New priority
1,13.406486553894,13.406486553894
2,10.436072810575,10.436072810575
3,9.905927606893,9.905927606893
4,11.566774493996,11.566774493996
5,12.051120398167,12.051120398167
6,11.498988717327,11.498988717327
