Orders per eff online,Old_1_vs_New_Rs
month,Old priority,New priority
1,2.575806817322954,2.575806817322954
2,2.264176070652555,2.264176070652555
3,2.475843462298,2.475843462298
4,2.6867667635346035,2.6867667635346035
5,3.2397430319162552,3.2397430319162552
6,3.323550767068743,3.323550767068743
