B cancel rate,Old_1_vs_New_Rs
month,Old priority,New priority
1,0.025719072884669,0.025719072884669
2,0.0293488541287741,0.0293488541287741
3,0.0293373691618952,0.0293373691618952
4,0.0248382185001903,0.0248382185001903
5,0.0262710220404996,0.0262710220404996
6,0.0273837981407702,0.0273837981407702
