B2c per order,Old_1_vs_New_Rs
month,Old priority,New priority
1,32.258725370813,32.258725370813
2,35.179874315079,35.179874315079
3,29.555403195003,29.555403195003
4,31.650648265916,31.650648265916
5,34.089812845631,34.089812845631
6,32.71393462956,32.71393462956
