Daily orders,Old_1_vs_New_Rs
month,Old priority,New priority
1,2198.7419354838707,2198.7419354838707
2,2227.793103448276,2227.793103448276
3,2871.4193548387098,2871.4193548387098
4,3328.366666666667,3328.366666666667
5,4083.2258064516127,4083.2258064516127
6,4729.966666666666,4729.966666666666
