R burn per order,Old_1_vs_New_Rs
month,Old priority,New priority
1,22.4757000337436,22.4757000337436
2,21.9827523759403,21.9827523759403
3,25.1891751859258,25.1891751859258
4,25.7181100840252,25.7181100840252
5,26.3031156580818,26.3031156580818
6,26.4107775953319,26.4107775953319
