R burn gmv,Old_1_vs_New_Rs
month,Old priority,New priority
1,0.087770262,0.087770262
2,0.088116485,0.088116485
3,0.101196111,0.101196111
4,0.103811352,0.103811352
5,0.105159682,0.105159682
6,0.108172045,0.108172045
