B2c gmv,Old_1_vs_New_Rs
month,Old priority,New priority
1,0.12597413,0.12597413
2,0.14101632,0.14101632
3,0.11873719,0.11873719
4,0.12775809,0.12775809
5,0.13629085,0.13629085
6,0.13398822,0.13398822
