B2c per order,priority_5
month,Old priority,New priority
1,7.304898418131,7.504715842839
2,8.366722689076,8.62085314412
3,5.910572091172,5.600203995294
4,2.329136588159,0.623837240018
5,1.76468910152,0.935721577153
6,1.066616076523,0.505259248863
