Orders per eff online,priority_5
month,Old priority,New priority
1,0.6311241886629165,0.7180709984086205
2,0.6280749665706826,0.6608320986148432
3,0.7495500005142851,0.6498706307269912
4,0.5548340868126348,0.5909591337068867
5,0.5923028873822658,0.833082929600191
6,0.574432315504949,0.7994237578705968
