Healthy stores,priority_5
month,Old priority,New priority
1,6814.1612903225805,5439.36
2,7140.517241379311,7021.344827586207
3,6942.1612903225805,6265.419354838709
4,6699.9,5930.933333333333
5,6836.419354838709,5736.709677419355
6,6412.0,5410.566666666667
