B cancel rate,priority_5
month,Old priority,New priority
1,0.0801092443122241,0.0791284182667291
2,0.074679611065654,0.0717151405645897
3,0.0689514601485678,0.0784460120488131
4,0.077625136663973,0.075718631650835
5,0.0841507136575796,0.068638816709974
6,0.0840580901654266,0.0700696334842309
