Eff online rs,priority_5
month,Old priority,New priority
1,9318.548387096776,7691.44
2,9747.793103448275,9611.758620689656
3,9408.612903225809,8565.129032258064
4,9024.8,8114.266666666666
5,9192.387096774191,7836.806451612903
6,8644.766666666666,7427.433333333333
