Bad rating rate,priority_5
month,Old priority,New priority
1,0.0228559204896992,0.0225602027883396
2,0.0228839525086173,0.0223505844159369
3,0.0225826666483699,0.0231291255440357
4,0.0218415902222103,0.0225503281058836
5,0.023657315519744,0.0210978803300558
6,0.0234133243832857,0.0210857239095042
