Daily orders,priority_5
month,Old priority,New priority
1,5881.1612903225805,5523.0
2,6122.344827586207,6351.758620689655
3,7052.225806451613,5566.225806451613
4,5007.266666666666,4795.2
5,5444.677419354839,6528.709677419355
6,4965.833333333333,5937.666666666667
