Ted gmv,priority_5
month,Old priority,New priority
1,0.144810797,0.159599737
2,0.143385651,0.14517992
3,0.153234882,0.133597767
4,0.127480242,0.1284742
5,0.121531431,0.121804852
6,0.120330584,0.116005494
