R burn gmv,priority_5
month,Old priority,New priority
1,0.061155501,0.071808371
2,0.070900232,0.071572556
3,0.089512844,0.071995674
4,0.074902997,0.081601302
5,0.072623736,0.074470083
6,0.072512893,0.067657893
