Daily online hours,priority_5
month,Old priority,New priority
1,65672.99448028675,53131.80093333334
2,68894.59820881227,67793.6482375479
3,66910.52939964159,60341.95568996416
4,63781.33029629629,56963.18483333333
5,64962.20565412186,55286.175313620086
6,60857.010583333344,52039.81936111111
