Imperfect order rate,priority_5
month,Old priority,New priority
1,0.0258178108339366,0.0255585732391816
2,0.0258183702435397,0.0253364531137181
3,0.0261230725600245,0.0266700665882366
4,0.0246042418351995,0.024830385941497
5,0.0259620226915898,0.0227629823607885
6,0.025165296190636,0.0224611238982765
