R burn per order,priority_5
month,Old priority,New priority
1,15.223440180785,17.0229648379504
2,18.0161071372249,18.0692514155732
3,23.043691993834,18.64206411943
4,19.1584815401616,20.3396706428651
5,19.2176745563883,18.2080888383813
6,19.0526493035744,16.4525259641835
