B2c gmv,priority_5
month,Old priority,New priority
1,0.02934519,0.03165732
2,0.03292624,0.03414732
3,0.02295952,0.02162799
4,0.00910611,0.00250279
5,0.00666877,0.00382705
6,0.00405946,0.00207778
