All 3 burns orders,Priority 2
month,Priority
1,0.0
2,0.0
3,0.2630331753554502
4,0.2665441176470588
5,0.2397003745318352
6,0.2765598650927487
7,0.2771241830065359
