Aop,Priority 2
month,Priority
1,44.75601619414412
2,42.04633636817161
3,44.211303713934925
4,41.48294624079916
5,41.515396482763
6,42.600320323793
7,42.333726299496966
8,42.72894473838918
9,42.360010799719205
