Aop,Priority 2
month,Priority
1,44.7560161941441
2,42.0463363681716
3,44.2113037139349
4,41.4829462407992
5,41.515396482763
6,42.600320323793
7,42.333726299497
