Asp,Priority 2
month,Priority
1,24.2459841770683
2,24.3175046769768
3,28.5066436464088
4,26.6553502891693
5,26.2534429560028
6,26.1717299797629
7,25.9478073003998
