B2c only daily orders,Priority 2
month,Priority
1,0.0
2,0.0
3,0.0213270142180094
4,0.0091911764705882
5,0.0018726591760299
6,0.0101180438448566
7,0.0065359477124183
