B2c & r burn daily orders,Priority 2
month,Priority
1,0.0
2,0.0
3,0.3222748815165877
4,0.3897058823529412
5,0.3071161048689138
6,0.3524451939291737
7,0.3725490196078431
