B2c gmv,Priority 2
month,Priority
1,0.08531286
2,0.06489182
3,0.06095898
4,0.05614662
5,0.04002982
6,0.06050842
7,0.05481694
