B2c and p2c orders,Priority 2
month,Priority
1,0.0
2,0.0
3,0.0189573459715639
4,0.0091911764705882
5,0.0
6,0.0118043844856661
7,0.0078431372549019
