B2c per order,Priority 2
month,Priority
1,3.818263885667
2,2.728463145423
3,2.695075966851
4,2.32912723449
5,1.661853850549
6,2.577677941602
7,2.320605357066
