Daily online hours,Priority 2
month,Priority
1,1095.3609318996416
2,1120.47096743295
3,1642.376541218638
4,1952.1971203703704
5,2186.6680107526886
6,1853.564990740741
7,1992.7616039426523
