Daily online hours,Priority 2
month,Priority
1,1095.3609318996416
2,1120.47096743295
3,1642.3765412186383
4,1952.19712037037
5,2186.668010752688
6,1853.5649907407408
7,1992.761603942652
