Daily orders,Priority 2
month,Priority
1,1390.3870967741937
2,1105.9310344827586
3,420.3870967741936
4,507.2
5,508.0967741935484
6,576.5
7,750.2903225806451
8,658.4516129032259
9,617.3
