Imperfect order rate,Priority 2
month,Priority
1,0.0234559881212008
2,0.0215452731354452
3,0.0335328422344996
4,0.0269453207150368
5,0.0246968446447844
6,0.0270020237062734
7,0.0274732361666451
