No burn orders,Priority 2
month,Priority
1,0.0
2,0.0
3,0.0876777251184834
4,0.0845588235294117
5,0.095505617977528
6,0.0556492411467116
7,0.0522875816993464
