Orders per eff online,Priority 2
month,Priority
1,12.255331248222918
2,9.255988455988456
3,1.894461404273877
4,1.9427987742594484
5,1.7398652380426378
6,2.3980865224625623
7,2.8961524094135225
