Overdue orders per total orders,Priority 2
month,Priority
1,0.1371620837684186
2,0.1265518747270572
3,0.1486828968589202
4,0.1543368185703952
5,0.1656071201525747
6,0.176119921287186
7,0.1819904396882132
