P2c only daily orders,Priority 2
month,Priority
1,0.0
2,0.0
3,0.0829383886255924
4,0.0643382352941176
5,0.0730337078651685
6,0.0539629005059021
7,0.0549019607843137
