P2c gmv,Priority 2
month,Priority
1,0.08580268
2,0.07687965
3,0.07905918
4,0.07050648
5,0.08739945
6,0.08480302
7,0.08635
