P2c burn per order,Priority 2
month,Priority
1,3.84018630226
2,3.232507794961
3,3.495309238797
4,2.924816640379
5,3.628422957273
6,3.612636021972
7,3.655517434112
