R burn & p2c daily orders,Priority 2
month,Priority
1,0.0
2,0.0
3,0.0971563981042654
4,0.0735294117647058
5,0.1310861423220973
6,0.1062394603709949
7,0.1045751633986928
