R burn per order,Priority 2
month,Priority
1,12.8515818291495
2,11.7678607508107
3,9.5142748618785
4,9.5736520767613
5,9.9716767189385
6,10.2382763804568
7,10.4097962079195
