R burn gmv,Priority 2
month,Priority
1,0.287147582
2,0.279878386
3,0.215200052
4,0.230785249
5,0.240192255
6,0.240333319
7,0.245898415
