R burn only orders,Priority 2
month,Priority
1,0.0
2,0.0
3,0.1066350710900474
4,0.1029411764705882
5,0.1516853932584269
6,0.133220910623946
7,0.1241830065359477
