Ted gmv,Priority 2
month,Priority
1,0.458263129
2,0.421649856
3,0.355218208
4,0.357438352
5,0.367621529
6,0.385644761
7,0.38706536
