Ted per order,Priority 2
month,Priority
1,20.5100320170758
2,17.7288316911948
3,15.7046600675261
4,14.8275959516299
5,15.2619535267602
6,16.4285903440301
7,16.3859189990971
