Tri gmv,Priority 2
month,Priority
1,0.1871079728152029
2,0.1851209939028265
3,0.1974130144816461
4,0.1922853181134589
5,0.1930949689774117
6,0.1915862526581134
7,0.1887700617202138
8,0.1872365762780898
9,0.1886129559068687
