Tri per order,Priority 2
month,Priority
1,8.3742074613707
2,7.7836595784485
3,8.7278867403315
4,7.9765615141956
5,8.0164141959241
6,8.1616357328708
7,7.9913401264027
