Tri gmv,Priority 2
month,Priority
1,0.187107973
2,0.185120994
3,0.197413014
4,0.192285318
5,0.193094969
6,0.191586253
7,0.188770062
