Imperfect order rate,Old_3_vs_New_2
month,Old priority,New priority
1,0.0345911949685534,0.0234559881212008
2,0.035698348951361,0.0215452731354452
3,0.0339622641509433,0.0335328422344996
4,0.02875,0.0269453207150368
5,0.0275482093663911,0.0246968446447844
6,0.029382957884427,0.0268863833477883
