Eff online rs,Old_3_vs_New_2
month,Old priority,New priority
1,52.54838709677419,113.4516129032258
2,59.793103448275865,119.48275862068964
3,63.29032258064516,221.9032258064516
4,68.0,261.06666666666666
5,91.64516129032258,292.03225806451616
6,77.53333333333333,240.4
