Healthy stores,Old_3_vs_New_2
month,Old priority,New priority
1,38.903225806451616,103.70967741935485
2,46.82758620689656,109.86206896551724
3,48.32258064516129,178.19354838709677
4,54.06666666666667,215.66666666666663
5,70.2258064516129,232.9032258064516
6,61.6,199.96666666666667
