P2c gmv,Old_3_vs_New_2
month,Old priority,New priority
1,0.10420078,0.08580268
2,0.10014672,0.07687965
3,0.0719326,0.07905918
4,0.09049171,0.07050648
5,0.10437959,0.08739945
6,0.09944494,0.08480302
