B2c per order,Old_3_vs_New_2
month,Old priority,New priority
1,2.275622641509,3.818263885667
2,2.213395805444,2.728463145423
3,3.690833333333,2.695075966851
4,1.94139375,2.32912723449
5,1.450503738686,1.661853850549
6,1.970313418217,2.577677941602
