R burn per order,Old_3_vs_New_2
month,Old priority,New priority
1,7.7984842767296,12.8515818291495
2,8.1008567603748,11.7678607508107
3,9.0205,9.5142748618785
4,6.24130625,9.5736520767613
5,7.4381267217631,9.9716767189385
6,8.22111165524,10.2382763804568
