P2c burn per order,Old_3_vs_New_2
month,Old priority,New priority
1,4.482987421384,3.84018630226
2,4.162320392682,3.232507794961
3,3.187764150943,3.495309238797
4,3.566875,2.924816640379
5,4.143561589925,3.628422957273
6,4.207938295788,3.612636021972
