Ted gmv,Old_3_vs_New_2
month,Old priority,New priority
1,0.338359312,0.458263129
2,0.34831085,0.421649856
3,0.358766656,0.355218208
4,0.298087021,0.357438352
5,0.32829121,0.367621529
6,0.340295837,0.385644761
