B cancel rate,Old_3_vs_New_2
month,Old priority,New priority
1,0.0664772727272727,0.0080221113657813
2,0.0569696969696969,0.0101313772059044
3,0.057323015190599,0.0286882306533744
4,0.0512820512820512,0.029830674246592
5,0.0670543961683202,0.0326309030412702
6,0.0524704853519895,0.0303754447453666
