Bad rating rate,Old_3_vs_New_2
month,Old priority,New priority
1,0.0339622641509433,0.0238736021530323
2,0.0343596608656849,0.0221065103517086
3,0.030188679245283,0.0326887661141804
4,0.019375,0.0289826498422712
5,0.0291223927587563,0.0269824138149958
6,0.0342801175318315,0.0295461115929459
