B2c gmv,Old_3_vs_New_2
month,Old priority,New priority
1,0.05289367,0.08531286
2,0.05325499,0.06489182
3,0.08328447,0.06095898
4,0.04925321,0.05614662
5,0.03653933,0.04002982
6,0.04656383,0.06050842
