Daily orders,Old_3_vs_New_2
month,Old priority,New priority
1,51.29032258064516,1390.3870967741937
2,77.27586206896552,1105.9310344827586
3,102.58064516129032,420.3870967741936
4,53.333333333333336,507.2
5,81.96774193548387,508.0967741935484
6,68.06666666666666,576.5
