Orders per eff online,Old_3_vs_New_2
month,Old priority,New priority
1,0.9760589318600368,12.255331248222918
2,1.292387543252595,9.255988455988456
3,1.620795107033639,1.894461404273877
4,0.7843137254901961,1.9427987742594484
5,0.8944033790918691,1.7398652380426378
6,0.8779019776440241,2.3980865224625623
