R burn gmv,Old_3_vs_New_2
month,Old priority,New priority
1,0.181264867,0.287147582
2,0.194909134,0.279878386
3,0.20354958,0.215200052
4,0.158342101,0.230785249
5,0.187372286,0.240192255
6,0.194287067,0.240333319
