Daily online hours,Old_3_vs_New_2
month,Old priority,New priority
1,300.48742831541216,1095.3609318996412
2,350.13285440613026,1120.4709674329504
3,383.0374551971325,1642.3765412186383
4,402.8928611111112,1952.1971203703704
5,585.6018458781363,2186.6680107526886
6,507.15898148148153,1853.5649907407408
