Daily orders,Old_1_vs_New_Rs
month,Old priority,New priority
1,26.741935483870968,26.741935483870968
2,29.79310344827586,29.79310344827586
3,44.45161290322581,44.45161290322581
4,39.46666666666667,39.46666666666667
5,55.64516129032258,55.64516129032258
6,65.8,65.8
