Eff online rs,Old_1_vs_New_Rs
month,Old priority,New priority
1,32.225806451612904,32.225806451612904
2,37.58620689655172,37.58620689655172
3,43.64516129032258,43.64516129032258
4,41.53333333333333,41.53333333333333
5,35.483870967741936,35.483870967741936
6,32.766666666666666,32.766666666666666
