Imperfect order rate,Old_1_vs_New_Rs
month,Old priority,New priority
1,0.0554885404101326,0.0554885404101326
2,0.0381944444444444,0.0381944444444444
3,0.0283018867924528,0.0283018867924528
4,0.027027027027027,0.027027027027027
5,0.0284057971014492,0.0284057971014492
6,0.0329280648429584,0.0329280648429584
