R burn gmv,Old_1_vs_New_Rs
month,Old priority,New priority
1,0.164246052,0.164246052
2,0.165985642,0.165985642
3,0.117601778,0.117601778
4,0.073158759,0.073158759
5,0.073459794,0.073459794
6,0.078184864,0.078184864
