B cancel rate,Old_1_vs_New_Rs
month,Old priority,New priority
1,0.0502136752136752,0.0502136752136752
2,0.042149631190727,0.042149631190727
3,0.050437121721587,0.050437121721587
4,0.052466718872357,0.052466718872357
5,0.0496529631607047,0.0496529631607047
6,0.0539916935856022,0.0539916935856022
