Ted gmv,Old_1_vs_New_Rs
month,Old priority,New priority
1,0.26330329,0.26330329
2,0.314128491,0.314128491
3,0.283359553,0.283359553
4,0.278288619,0.278288619
5,0.28411675,0.28411675
6,0.272877695,0.272877695
