P2c burn per order,Old_1_vs_New_Rs
month,Old priority,New priority
1,415.648974668275,415.648974668275
2,508.954861111111,508.954861111111
3,399.634252539913,399.634252539913
4,445.60472972973,445.60472972973
5,504.791884057971,504.791884057971
6,555.479736575481,555.479736575481
