B2c per order,Old_1_vs_New_Rs
month,Old priority,New priority
1,399.433051869723,399.433051869723
2,925.37962962963,925.37962962963
3,1083.94847605225,1083.94847605225
4,1288.768581081081,1288.768581081081
5,1267.892753623188,1267.892753623188
6,1044.850557244174,1044.850557244174
