R burn per order,Old_1_vs_New_Rs
month,Old priority,New priority
1,1351.481302774427,1351.481302774427
2,1607.0902777777778,1607.0902777777778
3,1052.5718432510885,1052.5718432510885
4,618.5574324324324,618.5574324324324
5,618.1663768115942,618.1663768115942
6,642.661600810537,642.661600810537
