B2c gmv,Old_1_vs_New_Rs
month,Old priority,New priority
1,0.04854326,0.04854326
2,0.09557629,0.09557629
3,0.12110743,0.12110743
4,0.15242677,0.15242677
5,0.15067002,0.15067002
6,0.12711433,0.12711433
