Bad rating rate,Old_1_vs_New_Rs
month,Old priority,New priority
1,0.0554885404101326,0.0554885404101326
2,0.0335648148148148,0.0335648148148148
3,0.0261248185776487,0.0261248185776487
4,0.0320945945945945,0.0320945945945945
5,0.0237681159420289,0.0237681159420289
6,0.0283687943262411,0.0283687943262411
