Daily online hours,Old_1_vs_New_Rs
month,Old priority,New priority
1,264.71750000000003,264.71750000000003
2,325.06894636015323,325.0689463601533
3,371.3060035842294,371.30600358422936
4,333.89883333333336,333.89883333333336
5,275.1104659498208,275.1104659498208
6,257.6133888888889,257.6133888888889
