Healthy stores,Old_1_vs_New_Rs
month,Old priority,New priority
1,24.06451612903226,24.06451612903226
2,29.89655172413793,29.89655172413793
3,34.774193548387096,34.774193548387096
4,33.43333333333333,33.43333333333333
5,29.580645161290324,29.580645161290324
6,27.5,27.5
