Active rs,Priority 5
month,Priority
1,502.96
2,605.2413793103449
3,544.8709677419355
4,460.53333333333336
5,502.93548387096774
6,468.4
7,432.0967741935484
