Aop,Priority 5
month,Priority
1,49511.59643120101
2,44008.813404492175
3,45459.25243075279
4,44410.54290733421
5,44261.278618886834
6,45824.707844499855
7,44740.4977800869
8,45022.65110878904
9,44038.92897815509
