Asp,Priority 5
month,Priority
1,38734.43219715016
2,31441.15431209482
3,31974.58388185372
4,32617.16552481335
5,33187.32055331663
6,35398.38298655112
7,34693.947005478934
