B2c & p2c daily orders,Priority 5
month,Priority
1,0.0
2,0.0
3,0.0356012658227848
4,0.0009861932938856
5,0.0074682598954443
6,0.0
7,0.0
