B2c only daily orders,Priority 5
month,Priority
1,0.0
2,0.0
3,0.0253164556962025
4,0.0009861932938856
5,0.005227781926811
6,0.0014265335235378
7,0.0
