B2c & r burn daily orders,Priority 5
month,Priority
1,0.0
2,0.0
3,0.0981012658227848
4,0.0828402366863905
5,0.087378640776699
6,0.0199714693295292
7,0.0
