"B2c, r burn & p2c daily orders",Priority 5
month,Priority
1,0.0
2,0.0
3,0.1265822784810126
4,0.1065088757396449
5,0.1015683345780433
6,0.028530670470756
7,0.0016366612111292
