B2c per order,Priority 5
month,Priority
1,609.215427259734
2,1720.117117412088
3,1537.693842092953
4,366.544620114185
5,494.662890752641
6,74.302007112783
7,4.468732287927
