B2c gmv,Priority 5
month,Priority
1,0.0123045
2,0.03908574
3,0.03382576
4,0.00825355
5,0.01117597
6,0.00162144
7,9.988e-05
