Daily orders,Priority 5
month,Priority
1,923.56
2,1053.1724137931035
3,965.451612903226
4,759.0
5,888.483870967742
6,815.4333333333333
7,682.9677419354839
8,555.6774193548387
9,643.9333333333333
