Daily online hours,Priority 5
month,Priority
1,11002.268311111113
2,14757.734693486593
3,12940.157840501794
4,12500.199333333332
5,12823.101469534053
6,11814.17908333333
7,11314.288154121865
