Imperfect order rate,Priority 5
month,Priority
1,0.0304907098618389
2,0.0296313273524982
3,0.0337799458718968
4,0.0304787000439174
5,0.0282467414588098
6,0.0272247884560356
7,0.0255998488569809
