No burn orders,Priority 5
month,Priority
1,0.0
2,0.0
3,0.1558544303797468
4,0.1765285996055227
5,0.1635548917102315
6,0.2353780313837375
7,0.2635024549918167
