Overdue orders per total orders,Priority 5
month,Priority
1,0.1505963999132509
2,0.1545576803227605
3,0.1601137694495566
4,0.1504487066690128
5,0.1398443749545487
6,0.1601752877093828
7,0.148547639322547
