P2c only daily orders,Priority 5
month,Priority
1,0.0
2,0.0
3,0.1993670886075949
4,0.2248520710059171
5,0.1799850634802091
6,0.2867332382310984
7,0.3060556464811784
