P2c gmv,Priority 5
month,Priority
1,0.10527156
2,0.11192848
3,0.1088561
4,0.10675965
5,0.0994867
6,0.09765554
7,0.08762224
