R burn only daily orders,Priority 5
month,Priority
1,0.0
2,0.0
3,0.1574367088607595
4,0.1765285996055227
5,0.2135922330097087
6,0.1911554921540656
7,0.1980360065466448
