R burn and p2c orders,Priority 5
month,Priority
1,0.0
2,0.0
3,0.2017405063291139
4,0.2307692307692307
5,0.2412247946228528
6,0.2368045649072753
7,0.2307692307692307
