R burn gmv,Priority 5
month,Priority
1,0.100093437
2,0.134557196
3,0.153950132
4,0.150540348
5,0.139532499
6,0.128249289
7,0.136829489
