Ted gmv,Priority 5
month,Priority
1,0.217669496
2,0.285571414
3,0.296631991
4,0.265553551
5,0.250195169
6,0.22752627
7,0.224551609
