Ted per order,Priority 5
month,Priority
1,10777.164234050846
2,12567.659092397354
3,13484.66854889906
4,11793.37738252086
5,11073.9580655702
6,10426.324857948735
7,10046.550774607971
8,10910.786195286197
9,11774.753856506884
