Tri gmv,Priority 5
month,Priority
1,0.18971416
2,0.177235655
3,0.172452464
4,0.171277654
5,0.172454119
6,0.174931606
7,0.174935782
