Tri gmv,Priority 5
month,Priority
1,0.1897141601240231
2,0.1772356552850813
3,0.1724524639766151
4,0.1712776538829872
5,0.1724541185999
6,0.1749316055059599
7,0.1749357819018254
8,0.1731367830345618
9,0.1667981049482063
