P2c burn per order,priority_5
month,Old priority,New priority
1,4.642296688742,4.329482919545
2,4.208685396236,4.174802813363
3,3.364583333333,3.439655447804
4,3.166463175924,3.174542020774
5,3.80904899831,3.830163109756
6,3.826129141694,4.176164499717
