P2c gmv,priority_5
month,Old priority,New priority
1,0.11255362,0.10465026
2,0.10370231,0.10173409
3,0.08065625,0.08359382
4,0.08122812,0.0832117
5,0.09549167,0.09926096
6,0.09840345,0.11138577
