Orders per eff online,priority_5
month,Old priority,New priority
1,0.3074980654095222,0.3682546229463119
2,0.3240573735291591,0.3548286465528767
3,0.3587009209888512,0.3719025797691785
4,0.308080808080808,0.2868105082603593
5,0.312490571730276,0.2992427698202718
6,0.3657759761747187,0.333160694947973
