B cancel rate,priority_5
month,Old priority,New priority
1,0.066230677764566,0.0677909500751377
2,0.0685660243527603,0.0636763214245463
3,0.0597544891954955,0.0597245065789473
4,0.0500718470211119,0.0554067390384886
5,0.0612700776513136,0.0660201912858661
6,0.0579405583908736,0.0552292890166187
