B2c gmv,priority_5
month,Old priority,New priority
1,0.03023295,0.0435293
2,0.04742926,0.04669427
3,0.05752654,0.05988597
4,0.02368466,0.01166954
5,0.03733529,0.01904401
6,0.0188091,0.00524533
