B2c per order,priority_5
month,Old priority,New priority
1,1.246964238411,1.800849355983
2,1.924883381924,1.916165536297
3,2.399725225225,2.464142612664
4,0.92328358209,0.44519515266
5,1.489260197924,0.734847560976
6,0.731336650458,0.196661955907
