Eff online rs,priority_5
month,Old priority,New priority
1,792.0322580645161,581.88
2,802.9655172413793,773.7586206896551
3,798.5806451612904,760.258064516129
4,884.4,738.4666666666667
5,855.3548387096774,707.1612903225806
6,805.8666666666667,707.9666666666667
