R burn per order,priority_5
month,Old priority,New priority
1,4.7392887417219,6.2466156430838
2,4.2931288099655,5.0987528259231
3,5.3426959459459,4.8820239589276
4,4.9742353804747,5.2116509285489
5,4.8757820419986,4.6496097560976
6,5.3609589505824,4.0805553985302
