Bad rating rate,priority_5
month,Old priority,New priority
1,0.035364238410596,0.035654284114243
2,0.0296846011131725,0.0306455664405928
3,0.0309684684684684,0.030690245293782
4,0.0299730853927085,0.0286433742524394
5,0.0322230267921795,0.0320121951219512
6,0.0315503788307135,0.0296777840587902
