Healthy stores,priority_5
month,Old priority,New priority
1,562.6774193548387,412.64
2,574.9655172413793,555.2758620689655
3,578.741935483871,550.258064516129
4,640.4,528.1
5,630.6451612903226,519.3870967741935
6,598.9666666666667,518.7
