Ted gmv,priority_5
month,Old priority,New priority
1,0.257691788,0.299169856
2,0.256914575,0.272677816
3,0.266258636,0.262127435
4,0.232515011,0.231490033
5,0.255061287,0.238802379
6,0.255089992,0.225466808
