Imperfect order rate,priority_5
month,Old priority,New priority
1,0.0305960264900662,0.0298674631323501
2,0.0295520805724887,0.0310223561919115
3,0.031081081081081,0.0288648031945236
4,0.0283826767800342,0.0316336166194523
5,0.0264301230992034,0.0282012195121951
6,0.0308718760601605,0.0285472018089316
