Daily orders,priority_5
month,Old priority,New priority
1,243.5483870967742,214.28
2,260.2068965517241,274.55172413793105
3,286.4516129032258,282.741935483871
4,272.46666666666664,211.8
5,267.2903225806452,211.6129032258065
6,294.76666666666665,235.86666666666667
