Daily online hours,priority_5
month,Old priority,New priority
1,5844.530824372761,4107.117311111111
2,5910.337404214561,5727.454224137931
3,5883.1574551971335,5520.461227598566
4,6518.716157407408,5342.989490740741
5,6344.851388888889,5159.6440053763445
6,6020.059064814815,5208.569962962964
