Active rs,Priority 4
month,Priority
1,5785.04
2,6335.689655172414
3,6829.387096774193
4,6825.3
5,6476.741935483871
6,5938.333333333333
7,5810.548387096775
