All 3 burns orders,Priority 4
month,Priority
1,0.0
2,0.0
3,0.0419400098593151
4,0.0303017478522154
5,0.0286671022541653
6,0.0092256850415385
7,0.0033197899118025
