Aop,Priority 4
month,Priority
1,236.9388976905472
2,256.4214102820768
3,259.9938393778955
4,255.4146049383941
5,260.4673681617146
6,260.310609076372
7,258.6423083038416
