Aop,Priority 4
month,Priority
1,236.9388976905472
2,256.4214102820768
3,259.99383937789554
4,255.4146049383941
5,260.46736816171455
6,260.310609076372
7,258.6423083038416
8,262.0268850006929
9,263.08891359045083
