Asp,Priority 4
month,Priority
1,192.7125807634799
2,214.48684525647508
3,215.99474325955683
4,214.62250388802488
5,217.1768818792372
6,220.5275209859644
7,221.8766704813561
8,223.00908804034603
9,224.45341707431928
