Asp,Priority 4
month,Priority
1,192.7125807634799
2,214.4868452564751
3,215.9947432595568
4,214.6225038880249
5,217.1768818792372
6,220.5275209859643
7,221.8766704813561
