B2c & r burn daily orders,Priority 4
month,Priority
1,0.0
2,0.0
3,0.1041295362329832
4,0.0603495704430995
5,0.0546390068605031
6,0.0161564235553311
7,0.0066891289267664
