B2c & p2c daily orders,Priority 4
month,Priority
1,0.0
2,0.0
3,0.0181638921542603
4,0.0014812306910999
5,0.0008575628879451
6,0.0010556754027631
7,0.000445941928451
