B2c only orders,Priority 4
month,Priority
1,0.0
2,0.0
3,0.0493724166698267
4,0.0036819162893055
5,0.0020826527278667
6,0.0026162390416303
7,0.0009414329600634
