B2c gmv,Priority 4
month,Priority
1,0.0242774617243676
2,0.0291150695592473
3,0.0231774458126074
4,0.008384270192104
5,0.0080553094086681
6,0.0024068261908405
7,0.0008896636015154
8,0.0030752029068289
9,0.0010372246918391
