B2c per order,Priority 4
month,Priority
1,5.752275019696
2,7.465727196843
3,6.025993123793
4,2.141465058813
5,2.098145241404
6,0.626522391679
7,0.23010464751
