B2c per order,Priority 4
month,Priority
1,5.752275019696128
2,7.465727196842966
3,6.02599312379295
4,2.1414650588130217
5,2.09814524140409
6,0.6265223916786623
7,0.2301046475098733
8,0.8057858384214575
9,0.2728823173251578
