B2c gmv,Priority 4
month,Priority
1,0.02427746
2,0.02911507
3,0.02317745
4,0.00838427
5,0.00805531
6,0.00240683
7,0.00088966
