B cancel rate,Priority 4
month,Priority
1,0.0326217495965928
2,0.0308458157969811
3,0.0281536056361733
4,0.0277922351094727
5,0.0291921062747427
6,0.0291487578300642
7,0.0289012182467774
8,0.0277025338975993
9,0.0294837355490543
