Bad rating rate,Priority 4
month,Priority
1,0.0187192745088131
2,0.0178261799007149
3,0.0184439148438933
4,0.0174985929390349
5,0.0192592220748545
6,0.0183402749429887
7,0.0173920987844283
8,0.0163929725743067
9,0.0162823999769343
