Daily online hours,Priority 4
month,Priority
1,47223.70366666667
2,57309.73395593869
3,59891.97964157706
4,62244.219287037035
5,56413.35771505376
6,52053.420638888885
7,52346.9434139785
