Daily orders,Priority 4
month,Priority
1,21374.76
2,20324.62068965517
3,25839.451612903227
4,23512.366666666665
5,24418.967741935485
6,21720.866666666665
7,20125.93548387097
8,20250.612903225807
9,17341.833333333332
