Daily online hours,Priority 4
month,Priority
1,47223.70366666666
2,57309.733955938704
3,59891.97964157706
4,62244.21928703704
5,56413.35771505377
6,52053.420638888885
7,52346.9434139785
