Daily online hours,Priority 4
month,Priority
1,47223.70366666687
2,57309.73395593856
3,59891.97964157718
4,62244.2192870369
5,56413.35771505384
6,52053.42063888887
7,52346.94341397858
8,56871.96465053761
9,52893.27406481488
