Exposure per eff online,Priority 4
month,Priority
1,424.2042000682746
2,406.67743228081423
3,460.02906988440446
4,399.52385083087154
5,442.1856819596561
6,436.4405964045007
7,396.58594367297263
8,362.9816682630242
9,356.9821551415756
