Healthy stores,Priority 4
month,Priority
1,5487.68
2,6479.206896551724
3,6755.774193548387
4,7066.766666666666
5,6448.225806451613
6,5956.333333333333
7,5985.83870967742
8,6500.709677419355
9,6052.1
