Imperfect order rate,Priority 4
month,Priority
1,0.0214252698041989
2,0.0209122959413926
3,0.021405128192324
4,0.0198080159235352
5,0.0211456456377115
6,0.0199654402985761
7,0.0181646535364415
8,0.0171528062073788
9,0.0173818608182525
