No burn orders,Priority 4
month,Priority
1,0.0
2,0.0
3,0.3282772742785635
4,0.3541410978035464
5,0.3166857236197321
6,0.3212925138844265
7,0.3420374591219899
