Orders per eff online,Priority 4
month,Priority
1,3.1451601511459546
2,2.6242364339014443
3,3.222926784126435
4,2.8196906767296
5,3.1838860007739025
6,3.0562494430399934
7,2.833171369667687
8,2.614288093949111
9,2.385987360465223
