P2c burn per order,Priority 4
month,Priority
1,13.188227385945
2,9.797656367171
3,10.138302308423
4,10.96478480119
5,10.851951629352
6,11.070563129771
7,9.565732179951
