P2c gmv,Priority 4
month,Priority
1,0.0556608793004909
2,0.0382091977280428
3,0.038994394377504
4,0.0429293571674745
5,0.0416633826568806
6,0.0425282825354336
7,0.0369844061579954
8,0.0400668314169488
9,0.0416253827696036
