P2c burn per order,Priority 4
month,Priority
1,13.188227385944918
2,9.79765636717146
3,10.138302308423103
4,10.964784801189728
5,10.851951629352117
6,11.070563129770758
7,9.56573217995076
8,10.498587028031013
9,10.951176730641704
