P2c only orders,Priority 4
month,Priority
1,0.0
2,0.0
3,0.1086041484964544
4,0.1360616191967497
5,0.1396194054230643
6,0.1543122045256345
7,0.155385987513626
