P2c gmv,Priority 4
month,Priority
1,0.05566088
2,0.0382092
3,0.03899439
4,0.04292936
5,0.04166338
6,0.04252828
7,0.03698441
