R burn & p2c daily orders,Priority 4
month,Priority
1,0.0
2,0.0
3,0.0995411626407796
4,0.1243387362986161
5,0.1473783077425678
6,0.1673475008032313
7,0.1558319294420771
