R burn per order,Priority 4
month,Priority
1,25.2858145214262
2,24.6711509227809
3,27.8348006861226
4,27.6858511903665
5,30.3403894117212
6,28.0860025689583
7,26.9698009950249
