R burn only orders,Priority 4
month,Priority
1,0.0
2,0.0
3,0.2499715596678169
4,0.2896440814253671
5,0.3100702384841555
6,0.3279937577454445
7,0.3353483301952235
