R burn per order,Priority 4
month,Priority
1,25.285814521426204
2,24.671150922780928
3,27.83480068612262
4,27.68585119036649
5,30.340389411721187
6,28.086002568958268
7,26.96980099502488
8,27.713424093894407
9,27.41143746816465
