R burn gmv,Priority 4
month,Priority
1,0.1067187142672142
2,0.0962133033105207
3,0.1070594624577443
4,0.108395724657344
5,0.116484416554184
6,0.1078941909767425
7,0.1042745139876417
8,0.1057655747570373
9,0.1041907737352851
