R burn gmv,Priority 4
month,Priority
1,0.106718714
2,0.096213303
3,0.107059462
4,0.108395725
5,0.116484417
6,0.107894191
7,0.104274514
