Ted per order,Priority 4
month,Priority
1,44.226316927067245
2,41.9345650256017
3,43.99909611833867
4,40.79210105036924
5,43.2904862824774
6,39.78308809040769
7,36.76563782248551
8,39.01779696034688
9,38.63549651613151
