Ted gmv,Priority 4
month,Priority
1,0.1866570552920728
2,0.1635376896939749
3,0.1692313026478559
4,0.1597093520169227
5,0.1662031086197328
6,0.1528292997030167
7,0.1421485837471526
8,0.1489076090808151
9,0.146853381196728
