Ted gmv,Priority 4
month,Priority
1,0.186657055
2,0.16353769
3,0.169231303
4,0.159709352
5,0.166203109
6,0.1528293
7,0.142148584
