Ted per order,Priority 4
month,Priority
1,44.2263169270673
2,41.9345650256017
3,43.9990961183387
4,40.7921010503692
5,43.2904862824774
6,39.7830880904077
7,36.7656378224855
