Tri gmv,Priority 4
month,Priority
1,0.230887067
2,0.23052845
3,0.226900796
4,0.227260847
5,0.224200096
6,0.227109861
7,0.229820775
