Tri per order,Priority 4
month,Priority
1,54.706127264119
2,59.1124302442765
3,58.9928090454332
4,58.0457394902824
5,58.3968089982932
6,59.1191061744007
7,59.4413756443299
