Tri gmv,Priority 4
month,Priority
1,0.2308870674985904
2,0.2305284499420301
3,0.2269007957518884
4,0.2272608471402135
5,0.2242000961979882
6,0.2271098607320142
7,0.2298207746216863
8,0.2278444421938555
9,0.2274265802630576
