Tri per order,Priority 4
month,Priority
1,54.70612726411898
2,59.11243024427652
3,58.99280904543316
4,58.045739490282415
5,58.39680899829324
6,59.11910617440065
7,59.441375644329895
8,59.70136945277642
9,59.8334119229993
