Bad rating rate,Old_3_vs_New_2
month,Old priority,New priority
1,0.0207156308851224,0.0295341200363597
2,0.0232452659031636,0.0266333692062878
3,0.0317603099916966,0.0267987061249699
4,0.0294825511432009,0.0280124308917962
5,0.0279952550415183,0.0267575585002847
6,0.031559548491131,0.0267092643542207
