P2c gmv,Old_3_vs_New_2
month,Old priority,New priority
1,0.05880112,0.11256825
2,0.08891542,0.11150783
3,0.1000241,0.106927
4,0.10015267,0.10399214
5,0.10543202,0.0934986
6,0.09455541,0.09444139
