B2c gmv,Old_3_vs_New_2
month,Old priority,New priority
1,0.01314949,0.03956852
2,0.02578542,0.03838902
3,0.02685138,0.03433749
4,0.02765462,0.03907043
5,0.03931834,0.03553287
6,0.08302705,0.05963022
