B cancel rate,Old_3_vs_New_2
month,Old priority,New priority
1,0.0561348378803028,0.0101940293802408
2,0.0438504907078722,0.0084473084730138
3,0.034079283887468,0.0249613821738146
4,0.0681998413957176,0.0221968533689211
5,0.0819870759289176,0.020854013897339
6,0.0771388499298737,0.0197496724488748
