Daily orders,Old_3_vs_New_2
month,Old priority,New priority
1,205.5483870967742,7878.258064516129
2,304.1034482758621,7497.724137931034
3,466.1935483870968,3081.516129032258
4,110.8,3882.8
5,135.96774193548387,3795.129032258064
6,144.7,5185.466666666666
