Daily online hours,Old_3_vs_New_2
month,Old priority,New priority
1,846.7507437275983,4665.602177419354
2,1040.9828927203062,4620.696561302682
3,1170.331953405018,5194.976191756273
4,669.5908611111112,6881.344074074074
5,915.5373476702508,6445.116756272403
6,863.2850833333333,7336.237407407407
