Imperfect order rate,Old_3_vs_New_2
month,Old priority,New priority
1,0.0229127432517263,0.0290632446995815
2,0.0233586574441546,0.0264999954009032
3,0.0319678937171325,0.0278978718058768
4,0.0258724428399518,0.0270595103190137
5,0.0294187425860023,0.0256695764519885
6,0.027643400138217,0.0255393278650587
