Eff online rs,Old_3_vs_New_2
month,Old priority,New priority
1,125.70967741935485,536.1935483870968
2,153.10344827586206,529.1034482758621
3,169.32258064516128,687.2903225806451
4,106.26666666666668,878.0
5,135.09677419354838,848.2903225806451
6,126.5,959.5333333333332
