B2c per order,Old_3_vs_New_2
month,Old priority,New priority
1,1071.757846829881,1851.482250047088
2,1407.969044109309,1762.191483392662
3,1274.160531414337,1537.254681922388
4,1233.382972322503,1734.503691494111
5,1700.286358244365,1530.728429480914
6,3658.659525454964,2662.634806253375
