R burn gmv,Old_3_vs_New_2
month,Old priority,New priority
1,0.095388164,0.281061125
2,0.221907726,0.27138232
3,0.284471865,0.199215821
4,0.167126153,0.220607626
5,0.154821606,0.209160429
6,0.189470034,0.216905402
