Orders per eff online,Old_3_vs_New_2
month,Old priority,New priority
1,1.6351039260969975,14.69293707135122
2,1.986261261261261,14.170620437956204
3,2.7532863402552867,4.483572702525111
4,1.0426599749058971,4.422323462414578
5,1.0064469914040115,4.473856333422064
6,1.143873517786561,5.4041547974709925
