R burn per order,Old_3_vs_New_2
month,Old priority,New priority
1,7774.675455116133,13151.354777951568
2,12116.893752126092,12457.404872283085
3,13498.850539717689,8918.689689825913
4,7453.746690734054,9793.71615844236
5,6695.121233689205,9010.467764281888
6,8349.162635337478,9685.355409992027
