P2c burn per order,Old_3_vs_New_2
month,Old priority,New priority
1,4792.623979912116,5267.270720562102
2,4855.075291983218,5118.602173533118
3,4746.375795737614,4787.013085305725
4,4466.761432009627,4616.655978503485
5,4559.313167259786,4027.846475533154
6,4166.666666666667,4217.038607904142
