Ted gmv,Old_3_vs_New_2
month,Old priority,New priority
1,0.16733877,0.433197902
2,0.336608569,0.42127917
3,0.411347349,0.340480316
4,0.294933449,0.363670202
5,0.299571972,0.338191901
6,0.367052491,0.370977015
