Healthy stores,Old_3_vs_New_2
month,Old priority,New priority
1,103.35483870967742,500.258064516129
2,126.51724137931036,500.3448275862069
3,138.25806451612902,619.9354838709677
4,82.43333333333334,792.6333333333333
5,106.3225806451613,755.3225806451613
6,99.63333333333334,850.8666666666667
