Daily orders,priority_5
month,Old priority,New priority
1,463.1290322580645,395.741935483871
2,485.8965517241379,369.1034482758621
3,419.61290322580646,347.6774193548387
4,268.93333333333334,223.5
5,270.6774193548387,210.1935483870968
6,302.1,235.13333333333333
