Orders per eff online,priority_5
month,Old priority,New priority
1,0.4189867507149944,0.4861887211191693
2,0.4344648968643049,0.4445182724252491
3,0.3971908396946564,0.4245145535468116
4,0.277718495060411,0.2766545634593167
5,0.3124906897065395,0.2766291657822118
6,0.3787296280819056,0.3325162628452908
