B2c gmv,priority_5
month,Old priority,New priority
1,0.04858327,0.0459959816259989
2,0.07397127,0.0509836131264538
3,0.06797173,0.0581599903268022
4,0.02042522,0.0136252077792618
5,0.03724491,0.0067512274535563
6,0.02415628,0.0051712163162035
