Healthy stores,priority_5
month,Old priority,New priority
1,794.516129032258,576.741935483871
2,805.2758620689655,593.0344827586207
3,767.0645161290323,590.0967741935484
4,704.6333333333333,579.2666666666667
5,639.1290322580645,554.6451612903226
6,591.5,518.0333333333333
