Bad rating rate,priority_5
month,Old priority,New priority
1,0.0331545587518283,0.033990870557548
2,0.0337804272230501,0.0312967115097159
3,0.0351322263222632,0.0308962701799962
4,0.0292513634110064,0.0295302013422818
5,0.0324156834703849,0.0306936771025168
6,0.0308948471808451,0.0294868159909271
