R burn gmv,priority_5
month,Old priority,New priority
1,0.137632842,0.1481265000588864
2,0.111906338,0.1339599985824463
3,0.112222895,0.1323468037362949
4,0.108700598,0.1184697974241242
5,0.122654342,0.0987782497527703
6,0.132926456,0.1086053349636228
