Daily online hours,priority_5
month,Old priority,New priority
1,8111.582150537635,5880.489740143369
2,8191.498132183907,6001.992107279718
3,7785.554838709678,5968.360654121859
4,7136.166731481482,5870.957740740737
5,6424.739068100358,5522.704695340503
6,5975.1854722222215,5201.521527777767
