R burn per order,priority_5
month,Old priority,New priority
1,5.6524893780038,6.02927535050538
2,4.4561762827337,5.403074551569507
3,4.5856888068881,5.514358879198367
4,4.1528222607833,4.514175988068605
5,4.8860743653915,3.661381215469613
6,5.2276387509655,4.072205840657783
