Ted gmv,priority_5
month,Old priority,New priority
1,0.300343545,0.3144947094653196
2,0.292286288,0.2890386508039636
3,0.267154299,0.2746425715563894
4,0.215508171,0.2182771539333355
5,0.255159193,0.2097310667216778
6,0.256165863,0.2251571592280927
