B cancel rate,priority_5
month,Old priority,New priority
1,0.0653455412015552,0.0533214179326779
2,0.0674235697069643,0.0639798488664987
3,0.0629921259842519,0.056757209926224
4,0.0590189347802015,0.0590890983933076
5,0.0615675562092876,0.0711615487316422
6,0.0502463054187192,0.0552700839704223
