B2c per order,priority_5
month,Old priority,New priority
1,1.995282440621,1.872200032605152
2,2.945579447875,2.056347159940209
3,2.777483087331,2.423292818704769
4,0.780329697571,0.5191752423564504
5,1.48369324276,0.2502455494168201
6,0.950001103387,0.1938970796711085
