Eff online rs,Old_2_vs_New_1
month,Old priority,New priority
1,4868.5161290322585,106.61290322580643
2,4925.689655172414,102.03448275862068
3,4712.774193548387,3286.2903225806454
4,5369.5,3415.8
5,5387.032258064516,3262.0967741935483
6,5699.833333333333,3398.833333333333
