R burn per order,Old_2_vs_New_1
month,Old priority,New priority
1,38.7277555288825,40.843084620616
2,38.8010009319578,47.9905805958747
3,40.0823085231294,42.4617896923463
4,41.5908679968984,43.5062960178482
5,41.8275250833312,44.3287746863619
6,42.3471128776667,45.4485449545643
