Imperfect order rate,Old_2_vs_New_1
month,Old priority,New priority
1,0.0193195469612282,0.0222481297969493
2,0.0190180716514165,0.0282658517952635
3,0.0195554916740644,0.0198231710404602
4,0.019031462221962,0.0190320202695775
5,0.0195452233515705,0.0197290468774132
6,0.0183524996039467,0.0182777517942891
