B cancel rate,Old_2_vs_New_1
month,Old priority,New priority
1,0.0101345989577805,0.016655749976607
2,0.0092979119680945,0.013063840276066
3,0.0097280042388167,0.0085664522304683
4,0.0098472430864407,0.0084659911450613
5,0.0105945140828891,0.0087513733740563
6,0.0100000174451872,0.00814948280192
