Bad rating rate,Old_2_vs_New_1
month,Old priority,New priority
1,0.0160849679221536,0.0187506072087826
2,0.0158137796703611,0.0263559969442322
3,0.0161767237791325,0.0163719311505738
4,0.0159974334039242,0.0159503317239392
5,0.0172407164608076,0.0173528132224935
6,0.016307465525311,0.0162465503857935
