Orders per eff online,Old_2_vs_New_1
month,Old priority,New priority
1,12.73517134451777,3.1143721633888046
2,12.101361615737336,2.654275092936803
3,13.238808728507284,15.896127607361963
4,13.0417916007077,15.991490524425709
5,13.550803003628786,16.775100123609395
6,12.957168338255505,16.020359927426078
