Healthy stores,Old_2_vs_New_1
month,Old priority,New priority
1,4428.032258064516,95.61290322580643
2,4504.379310344828,89.55172413793103
3,4324.096774193548,3028.774193548388
4,4935.5,3169.7
5,4887.935483870968,3010.8387096774195
6,5198.3,3136.5
