Ted gmv,Old_2_vs_New_1
month,Old priority,New priority
1,0.243766025,0.215924916
2,0.224245123,0.260713441
3,0.236046235,0.249097686
4,0.259577446,0.272224026
5,0.247261819,0.261023977
6,0.247183359,0.262354198
