B2c gmv,Old_2_vs_New_1
month,Old priority,New priority
1,0.03345138,0.01100266
2,0.02505122,0.04579171
3,0.03215535,0.03287341
4,0.04409789,0.04799872
5,0.03452228,0.03814451
6,0.0327932,0.03569879
