B2c per order,Old_2_vs_New_1
month,Old priority,New priority
1,8.092607215343,2.839141163898
2,6.105674333095,12.341134453782
3,7.983002403656,8.089694297581
4,10.87963477414,11.818143444364
5,8.552031854781,9.460484513512
6,8.140693754454,8.876899858955
