R burn gmv,Old_2_vs_New_1
month,Old priority,New priority
1,0.160084008,0.158281217
2,0.159198194,0.178068798
3,0.161450614,0.172548395
4,0.168578215,0.176698343
5,0.168846591,0.178732868
6,0.170587112,0.18277304
