Daily online hours,Old_2_vs_New_1
month,Old priority,New priority
1,37879.9107437276,807.9504480286738
2,38470.059779693474,751.8383333333335
3,37156.179390681005,26476.8107437276
4,42541.623629629634,27613.31675925926
5,41847.2306451613,26240.97435483871
6,44373.6436111111,27201.42583333334
