Daily orders,Old_2_vs_New_1
month,Old priority,New priority
1,62001.3870967742,332.03225806451616
2,59607.55172413793,270.82758620689657
3,62391.51612903226,52239.29032258064
4,70027.9,54623.73333333333
5,72998.6129032258,54722.0
6,73853.7,54450.53333333333
