Aop,Priority 2
month,Priority
1,46791.79578341372
2,45903.52408087052
3,44768.98291582485
4,44394.27740290512
5,43079.21812340096
6,44652.43974184259
7,43954.21372538556
8,43462.4454894977
9,44290.25646389376
