Asp,Priority 2
month,Priority
1,26521.688034852963
2,26565.325551661652
3,29526.025458770815
4,28249.40157446516
5,28510.175454105007
6,28087.41091769304
7,28082.17410213992
