B2c & p2c daily orders,Priority 2
month,Priority
1,0.0
2,0.0
3,0.0051931191171697
4,0.0035043804755944
5,0.0017848036715961
6,0.001112140871177
7,0.0002032933523073
