B2c only daily orders,Priority 2
month,Priority
1,0.0
2,0.0
3,0.0029211295034079
4,0.0040050062578222
5,0.0017848036715961
6,0.0012974976830398
7,0.0004065867046147
