"B2c, r burn & p2c daily orders",Priority 2
month,Priority
1,0.0
2,0.0
3,0.2534891269068484
4,0.3188986232790988
5,0.2970423253442121
6,0.3169601482854495
7,0.3297418174425696
