B2c gmv,Priority 2
month,Priority
1,0.03956852
2,0.03838902
3,0.03433749
4,0.03907043
5,0.03553287
6,0.05963022
7,0.05260943
