B2c per order,Priority 2
month,Priority
1,1851.482250047088
2,1762.191483392662
3,1537.254681922388
4,1734.503691494111
5,1530.728429480914
6,2662.634806253375
7,2312.406098244303
