B2c r burn orders,Priority 2
month,Priority
1,0.0
2,0.0
3,0.2096721843557286
4,0.2490613266583229
5,0.2638959714431412
6,0.2613531047265987
7,0.2644846513519008
