B cancel rate,Priority 2
month,Priority
1,0.0101940293802408
2,0.0084473084730138
3,0.0249613821738146
4,0.0221968533689211
5,0.020854013897339
6,0.0197496724488748
7,0.0192833810363237
