Daily online hours,Priority 2
month,Priority
1,4665.602177419356
2,4620.696561302682
3,5194.976191756273
4,6881.3440740740725
5,6445.116756272401
6,7336.237407407407
7,7695.623458781362
