Exposure per eff online,Priority 2
month,Priority
1,1248.8559138491155
2,1270.8847758081336
3,542.4649863888106
4,550.5847000759302
5,561.8143134197817
6,612.340860140346
7,510.32424936304704
