Healthy stores,Priority 2
month,Priority
1,500.258064516129
2,500.3448275862069
3,619.9354838709677
4,792.6333333333333
5,755.3225806451613
6,850.8666666666667
7,894.483870967742
