Imperfect order rate,Priority 2
month,Priority
1,0.0290632446995815
2,0.0264999954009032
3,0.0278978718058768
4,0.0270595103190137
5,0.0256695764519885
6,0.0258028849862436
7,0.0250813810768984
8,0.0256807915934474
9,0.0242272880039866
