No burn daily orders,Priority 2
month,Priority
1,0.0
2,0.0
3,0.0856864654333008
4,0.0625782227784731
5,0.0706272310045895
6,0.0522706209453197
7,0.0491969912583858
