Orders per eff online,Priority 2
month,Priority
1,14.69293707135122
2,14.170620437956204
3,4.483572702525111
4,4.422323462414578
5,4.473856333422064
6,5.4041547974709925
7,4.834779243396652
