P2c burn per order,Priority 2
month,Priority
1,5267.270720562102
2,5118.602173533118
3,4787.013085305725
4,4616.655978503485
5,4027.846475533154
6,4217.038607904142
7,3754.389855381824
