P2c only orders,Priority 2
month,Priority
1,0.0
2,0.0
3,0.0999675430055176
4,0.0770963704630788
5,0.0734319224885262
6,0.0583873957367933
7,0.0559056718845293
