P2c gmv,Priority 2
month,Priority
1,0.1125682533096793
2,0.1115078259463352
3,0.1069270010959668
4,0.1039921415232084
5,0.0934985974906818
6,0.094441392951536
7,0.0854159257366829
8,0.0957538815456098
9,0.0952860500478887
