P2c gmv,Priority 2
month,Priority
1,0.11256825
2,0.11150783
3,0.106927
4,0.10399214
5,0.0934986
6,0.09444139
7,0.08541593
