R burn & p2c daily orders,Priority 2
month,Priority
1,0.0
2,0.0
3,0.1895488477766958
4,0.1634543178973717
5,0.1537480877103518
6,0.1696014828544949
7,0.1640577353120553
