R burn only daily orders,Priority 2
month,Priority
1,0.0
2,0.0
3,0.1535215839013307
4,0.1214017521902378
5,0.1376848546659867
6,0.1390176088971269
7,0.1360032526936369
