R burn gmv,Priority 2
month,Priority
1,0.281061125
2,0.27138232
3,0.199215821
4,0.220607626
5,0.209160429
6,0.216905402
7,0.223078582
