Ted gmv,Priority 2
month,Priority
1,0.433197902
2,0.42127917
3,0.340480316
4,0.363670202
5,0.338191901
6,0.370977015
7,0.361103937
