Tri per order,Priority 2
month,Priority
1,6553.985271838379
2,6531.712133337012
3,7039.574089001016
4,6725.7532880052195
5,6709.656537667129
6,6940.876713121288
7,6842.942699717167
