Tri gmv,Priority 2
month,Priority
1,0.140066975
2,0.142292172
3,0.157242216
4,0.151500456
5,0.155751586
6,0.155442273
7,0.155683429
