Tri gmv,Priority 2
month,Priority
1,0.1400669746075778
2,0.1422921717694216
3,0.1572422161619553
4,0.1515004563981278
5,0.1557515857982202
6,0.1554422726563176
7,0.1556834287258574
8,0.1544487646385379
9,0.1506050124794816
