Ted gmv,priority_5
month,Old priority,New priority
1,0.164734934,0.153498521
2,0.149252683,0.138695876
3,0.136538153,0.123535701
4,0.112209169,0.121946507
5,0.122050643,0.121914085
