B2c gmv,priority_5
month,Old priority,New priority
1,0.03488418,0.02498974
2,0.0390299,0.03094858
3,0.02874343,0.0212082
4,0.00657488,0.00637876
5,0.00690361,0.00390007
