Bad rating rate,priority_5
month,Old priority,New priority
1,0.02377980523,0.02217991469
2,0.0238139258,0.02114632616
3,0.02479079087,0.02132185853
4,0.02323703635,0.01933124347
5,0.02371152155,0.02108823139
