B cancel rate,priority_5
month,Old priority,New priority
1,0.06905069006,0.06596584886
2,0.07229309253,0.06769651703
3,0.08038097232,0.07498844331
4,0.08660599653,0.06741053332
5,0.08399006912,0.06857567146
