Daily online hours,priority_5
month,Old priority,New priority
1,75764.70619,61219.00174
2,76487.84043,61469.03646
3,71870.47928,56540.37896
4,67693.56875,55742.29981
5,65554.7216,55274.52712
