Daily orders,priority_5
month,Old priority,New priority
1,9019.580645,8522.677419
2,7646.931034,7310.310345
3,6568.516129,6004.741935
4,4664.966667,5805.8
5,5501.612903,6562.290323
