B2c per order,priority_5
month,Old priority,New priority
1,8.900271166,6.028450547
2,10.14394023,7.611382459
3,7.661980366,5.299402891
4,1.717351392,1.535738744
5,1.825917854,0.9529076689
