R burn per order,priority_5
month,Old priority,New priority
1,19.55584556,18.20571632
2,18.37853536,16.83613116
3,18.28003462,15.88120131
4,16.39397981,17.39466034
5,19.27191709,18.22111664
