R burn gmv,priority_5
month,Old priority,New priority
1,0.076648187,0.075468154
2,0.070713383,0.068457249
3,0.068576392,0.063556524
4,0.062764342,0.072249498
5,0.072865202,0.074575589
