Orders per eff online,priority_5
month,Old priority,New priority
1,0.8393254346,0.9709561715
2,0.7029030755,0.8278268272
3,0.6435183283,0.7416865223
4,0.484713828,0.7304455041
5,0.5925516724,0.8376230612
