Healthy stores,priority_5
month,Old priority,New priority
1,7929.516129,6364.516129
2,8001.551724,6369.655172
3,7534.83871,5848.225806
4,7139.366667,5802.466667
5,6904.322581,5735.548387
