Active rs,Priority 1
month,Priority
1,29.61290322580645
2,16.82758620689655
3,322.1935483870968
4,330.2
5,349.7741935483871
6,418.6
7,497.1935483870968
8,530.7741935483871
9,538.9333333333333
