Active rs,Priority 1
month,Priority
1,29.612903225806452
2,16.82758620689655
3,322.19354838709677
4,330.2
5,349.7741935483871
6,418.6
7,497.1935483870968
