All 3 burns orders,Priority 1
month,Priority
1,0.0
2,0.0
3,0.3234552332912989
4,0.3922685969505621
5,0.3355677704786164
6,0.3250537377597325
7,0.3473506200676437
