Aop,Priority 1
month,Priority
1,59512.43107330498
2,39829.78250303766
3,46977.18055484856
4,46803.33826095883
5,46633.602250514625
6,47053.42078234353
7,46285.846752755584
