Asp,Priority 1
month,Priority
1,41507.01576182137
2,25389.161603888213
3,26569.62373122932
4,26389.64663278924
5,26634.33118545555
6,27027.06311058385
7,26406.34674002771
