B2c & r burn daily orders,Priority 1
month,Priority
1,0.0
2,0.0
3,0.2476355611601513
4,0.3077160018481442
5,0.3007105510122
6,0.2717936470026272
7,0.2855693348365276
