B2c & p2c daily orders,Priority 1
month,Priority
1,0.0
2,0.0
3,0.0026796973518284
4,0.0016941321423071
5,0.0005362649148679
6,0.00011941724385
7,0.0
