B2c gmv,Priority 1
month,Priority
1,0.01419907
2,0.03617363
3,0.0380324
4,0.04605492
5,0.04288239
6,0.04051735
7,0.04996671
