B2c only orders,Priority 1
month,Priority
1,0.0
2,0.0
3,0.0007881462799495
4,0.000924072077622
5,0.0006703311435849
6,0.0002388344877
7,0.0
