B2c gmv,Priority 1
month,Priority
1,0.0141990673296635
2,0.0361736288220347
3,0.0380323969253752
4,0.0460549216942229
5,0.0428823903634594
6,0.0405173545977602
7,0.0499667133213712
8,0.0538171837900865
9,0.0452245203101022
