B2c per order,Priority 1
month,Priority
1,845.021015761821
2,1440.787768327258
3,1786.654777297022
4,2155.52407863669
5,1999.760335760868
6,1906.480134875833
7,2312.751635531862
