B cancel rate,Priority 1
month,Priority
1,0.0198090692124105
2,0.0164750957854406
3,0.0062163485070974
4,0.0058558182683859
5,0.0051239497977388
6,0.0059548074688448
7,0.0061291134637707
8,0.0058545840147179
9,0.0063605958459001
