Daily online hours,Priority 1
month,Priority
1,436.2712634408602
2,269.1661781609195
3,2933.922204301075
4,2959.2643148148145
5,3173.255
6,3882.948712962963
7,4515.479005376344
