Daily online hours,Priority 1
month,Priority
1,436.27126344086025
2,269.1661781609195
3,2933.922204301076
4,2959.264314814815
5,3173.255
6,3882.948712962963
7,4515.4790053763445
