Exposure per eff online,Priority 1
month,Priority
1,344.67929708951124
2,396.28210313447926
3,1631.75669220818
4,1594.258336681398
5,1797.9730324711063
6,1650.1921193751457
7,1341.3670957613815
