Imperfect order rate,Priority 1
month,Priority
1,0.0322742056542406
2,0.0368570271364925
3,0.0276864342071774
4,0.0270044143311774
5,0.0261464477849469
6,0.025808737469844
7,0.0234629273383832
8,0.0224628216433397
9,0.0226473392965174
