No burn orders,Priority 1
month,Priority
1,0.0
2,0.0
3,0.0316834804539722
4,0.0301863545356537
5,0.0316396299772087
6,0.029973728206353
7,0.0258173618940248
