Overdue orders per total orders,Priority 1
month,Priority
1,0.0989726885492357
2,0.2171799027552674
3,0.1583460637539464
4,0.1587930822002218
5,0.151948462127538
6,0.1567932314654005
7,0.1456252751370682
