P2c only orders,Priority 1
month,Priority
1,0.0
2,0.0
3,0.0436633039092055
4,0.0403511473894963
5,0.0363319479823032
6,0.0349892524480534
7,0.0314543404735062
