P2c burn per order,Priority 1
month,Priority
1,4957.641981486115
2,5625.489671931956
3,4988.53912445915
4,4718.438897443794
5,4228.612032728468
6,4362.892847759103
7,3891.552037005386
