P2c gmv,Priority 1
month,Priority
1,0.08330431
2,0.14123827
3,0.10619069
4,0.10081415
5,0.09067736
6,0.09272212
7,0.0840765
