R burn and p2c orders,Priority 1
month,Priority
1,0.0
2,0.0
3,0.1896279949558638
4,0.1265978746342214
5,0.1556508915404209
6,0.1833054693097683
7,0.1668545659526494
