R burn gmv,Priority 1
month,Priority
1,0.205045435
2,0.185146466
3,0.290191169
4,0.289289806
5,0.295299913
6,0.292369491
7,0.295450927
