R burn gmv,Priority 1
month,Priority
1,0.2050454349479493
2,0.1851464656712053
3,0.2901911685812327
4,0.289289806137254
5,0.2952999131954849
6,0.2923694911101331
7,0.2954509272184047
8,0.2952592483049483
9,0.301717028005763
