R burn only orders,Priority 1
month,Priority
1,0.0
2,0.0
3,0.1604665825977301
4,0.1002618204219929
5,0.1388926129507977
6,0.1545259135419154
7,0.1429537767756482
