Ted gmv,Priority 1
month,Priority
1,0.3025488118491627
2,0.3625583669217405
3,0.434414253528737
4,0.4361588806838965
5,0.4288596655609715
6,0.4256089639985203
7,0.4294941414579256
8,0.4433422195653303
9,0.4399232283800386
