Ted gmv,Priority 1
month,Priority
1,0.302548812
2,0.362558367
3,0.434414254
4,0.436158881
5,0.428859666
6,0.425608964
7,0.429494141
