Ted per order,Priority 1
month,Priority
1,18005.41531148361
2,14440.620899149451
3,20407.55682361924
4,20413.691628169592
5,19999.27106505907
6,20026.357671759677
7,19879.500012727873
