Tri gmv,Priority 1
month,Priority
1,0.1672022513596823
2,0.1639434489821118
3,0.1387945561742181
4,0.1383289126856025
5,0.137701179000421
6,0.1374162425946401
7,0.139719627905544
8,0.1404070700241482
9,0.1374653884455207
