Tri gmv,Priority 1
month,Priority
1,0.167202251
2,0.163943449
3,0.138794556
4,0.138328913
5,0.137701179
6,0.137416243
7,0.139719628
