Healthy stores,priority_4
month,Old priority,New priority
1,909.0967742,566.9032258
2,1015.482759,629.5172414
3,1059.451613,643.0645161
4,1114.3,685.7666667
5,1082.83871,708.4516129
