R burn gmv,priority_4
month,Old priority,New priority
1,0.174273396,0.174289207
2,0.165441507,0.167714652
3,0.176180088,0.182264558
4,0.185925957,0.206290665
5,0.195167245,0.218062647
