Daily online hours,priority_4
month,Old priority,New priority
1,8271.682912,5334.564203
2,9197.392423,5918.833851
3,9562.821443,6050.460869
4,9992.100481,6404.776139
5,9753.785412,6602.496568
