R burn per order,priority_4
month,Old priority,New priority
1,7598.507877,7789.793527
2,7163.559946,7463.309266
3,7888.999097,8364.945161
4,8200.234932,9315.601562
5,8598.694173,9943.940348
