B cancel rate,priority_4
month,Old priority,New priority
1,0.03473154362,0.03747201383
2,0.03185445692,0.03278688525
3,0.03148180651,0.03021666562
4,0.03108823853,0.02898983861
5,0.02934535286,0.02547021944
