Orders per eff online,priority_4
month,Old priority,New priority
1,2.800819414,2.404261812
2,2.533934996,2.236756114
3,2.750416246,2.681334601
4,2.491058404,2.599434953
5,2.866213758,2.947609045
