Ted gmv,priority_4
month,Old priority,New priority
1,0.317209878,0.308376771
2,0.316712639,0.311839755
3,0.323790363,0.327252355
4,0.320344292,0.346227009
5,0.321612825,0.353189804
