B2c per order,priority_4
month,Old priority,New priority
1,1172.570913,968.6340561
2,1666.988569,1560.1319
3,1838.232001,1845.300348
4,1253.947286,1642.429023
5,1390.023105,2021.639139
