Daily orders,priority_4
month,Old priority,New priority
1,2866.774194,1525.0
2,2865.793103,1557.862069
3,3250.548387,1910.580645
4,3073.8,1962.833333
5,3456.83871,2308.548387
