B2c gmv,priority_4
month,Old priority,New priority
1,0.02689316,0.02167226
2,0.03849889,0.03505911
3,0.04105209,0.04020742
4,0.02843106,0.036371
5,0.03154979,0.04433293
