Active rs,Priority 5
month,Priority
1,122.84
2,155.75862068965515
3,140.25806451612902
4,134.66666666666666
5,104.74193548387096
6,107.0
7,97.0
