All 3 burns orders,Priority 5
month,Priority
1,0.0
2,0.0
3,0.0363636363636363
4,0.0295566502463054
5,0.0376344086021505
6,0.0078125
7,0.0
