Aop,Priority 5
month,Priority
1,8517.80799836768
2,9086.964350728156
3,9227.041693290736
4,9159.064907651717
5,8504.654472404314
6,9100.71876430206
7,9469.157790438445
8,9189.021479713603
9,9179.457469842251
