Asp,Priority 5
month,Priority
1,7170.319322587227
2,7714.023058252427
3,7928.41341853035
4,7792.598240985048
5,7405.457602030027
6,7851.600228832952
7,8087.586821897448
8,7973.013978861233
9,7927.6105784101455
