B2c & p2c daily orders,Priority 5
month,Priority
1,0.0
2,0.0
3,0.0181818181818181
4,0.0
5,0.0053763440860215
6,0.0
7,0.0
