B2c gmv,Priority 5
month,Priority
1,0.0100671021167003
2,0.0287170043092075
3,0.0191483634166631
4,0.0054130761621381
5,0.0009507313684487
6,0.0024377333738897
7,1.04638110403e-05
8,0.0001969842011917
9,2.75632602093e-05
