B2c per order,Priority 5
month,Priority
1,85.74964293001428
2,260.9503944174757
3,176.68274760383386
4,49.57871591908531
5,8.0856417847325
6,22.18512585812357
7,0.0990834778300718
8,1.8100920559154448
9,0.2530157748221466
