B2c r burn orders,Priority 5
month,Priority
1,0.0
2,0.0
3,0.1045454545454545
4,0.0689655172413793
5,0.0806451612903225
6,0.0078125
7,0.0
