B2c gmv,Priority 5
month,Priority
1,0.0100671
2,0.028717
3,0.01914836
4,0.00541308
5,0.00095073
6,0.00243773
7,1.046e-05
