B2c per order,Priority 5
month,Priority
1,85.749642930014
2,260.950394417476
3,176.682747603834
4,49.578715919085
5,8.085641784733
6,22.185125858124
7,0.09908347783
