B cancel rate,Priority 5
month,Priority
1,0.085509838998211
2,0.0716417910447761
3,0.0828986324545326
4,0.078778386844166
5,0.0779464118418587
6,0.0850894632206759
7,0.0809160305343511
8,0.0914524805738194
9,0.0794899620184481
