Bad rating rate,Priority 5
month,Priority
1,0.0299938788002448
2,0.0323118932038834
3,0.0314696485623003
4,0.0313104661389621
5,0.024318037640093
6,0.0283752860411899
7,0.0287342085707208
