Daily online hours,Priority 5
month,Priority
1,3719.333022222223
2,4853.370555555548
3,4360.478181003558
4,4467.568481481463
5,3607.971738351262
6,3537.0346018518435
7,3313.806191756264
8,2666.102356630829
9,2909.448648148168
