Daily orders,Priority 5
month,Priority
1,196.04
2,227.31034482758625
3,201.9354838709677
4,189.5
5,152.5483870967742
6,145.66666666666666
7,130.2258064516129
8,94.61290322580643
9,107.76666666666668
