Daily online hours,Priority 5
month,Priority
1,3719.333022222222
2,4853.370555555555
3,4360.478181003585
4,4467.568481481483
5,3607.971738351255
6,3537.034601851852
7,3313.806191756272
