Daily orders,Priority 5
month,Priority
1,196.04
2,227.31034482758625
3,201.93548387096777
4,189.5
5,152.5483870967742
6,145.66666666666666
7,130.2258064516129
