Daily online hours,Priority 5
month,Priority
1,3719.333022222222
2,4853.370555555555
3,4360.478181003585
4,4467.568481481482
5,3607.9717383512543
6,3537.0346018518517
7,3313.8061917562727
