Exposure per eff online,Priority 5
month,Priority
1,202.22707227072272
2,172.59996363856737
3,251.51404335532516
4,203.08897068155855
5,205.15307219662057
6,248.99362594803935
7,250.50033338889816
