Exposure per eff online,Priority 5
month,Priority
1,202.22707227072272
2,172.59996363856737
3,251.5140433553252
4,203.08897068155852
5,205.15307219662057
6,248.99362594803932
7,250.50033338889816
8,222.3383064101245
9,206.58633163863905
