Healthy stores,Priority 5
month,Priority
1,335.52
2,450.7931034482759
3,401.64516129032256
4,410.26666666666665
5,324.80645161290323
6,325.8666666666667
7,302.5483870967742
8,246.4193548387097
9,264.6
