Imperfect order rate,Priority 5
month,Priority
1,0.0365231585390736
2,0.0318567961165048
3,0.0306709265175718
4,0.0334212840809146
5,0.029393106364982
6,0.0256292906178489
7,0.0282387911815704
8,0.027616774633481
9,0.0327868852459016
