No burn orders,Priority 5
month,Priority
1,0.0
2,0.0
3,0.3636363636363636
4,0.4137931034482758
5,0.3440860215053763
6,0.40625
7,0.408695652173913
