Orders per eff online,Priority 5
month,Priority
1,0.4410944109441094
2,0.3994909399430337
3,0.393339616713792
4,0.3607691331387231
5,0.36321044546851
6,0.352589962885267
7,0.3364727454575762
8,0.3017800185204239
9,0.3160930778255768
