Overdue orders per total orders,Priority 5
month,Priority
1,0.1599671862182116
2,0.2123381568926123
3,0.2007064868336544
4,0.185939436869134
5,0.1772717599489253
6,0.2053056516724336
7,0.1856929212362911
