P2c only daily orders,Priority 5
month,Priority
1,0.0
2,0.0
3,0.15
4,0.1724137931034483
5,0.1612903225806451
6,0.2265625
7,0.208695652173913
