P2c gmv,Priority 5
month,Priority
1,0.05696507
2,0.05040436
3,0.04806722
4,0.05114493
5,0.05497195
6,0.06383213
7,0.05343908
