P2c burn per order,Priority 5
month,Priority
1,485.21750663129967
2,458.0226031553398
3,443.5182108626199
4,468.4397537379068
5,467.51744554874176
6,580.9183066361556
7,506.0230369085954
8,447.6614387998636
9,512.0405196412
