P2c burn per order,Priority 5
month,Priority
1,485.2175066313
2,458.02260315534
3,443.51821086262
4,468.439753737907
5,467.517445548742
6,580.918306636156
7,506.023036908595
