P2c gmv,Priority 5
month,Priority
1,0.0569650673887325
2,0.0504043578776269
3,0.0480672165148137
4,0.0511449322022557
5,0.0549719506025471
6,0.063832134766633
7,0.0534390753758012
8,0.048716986872667
9,0.0557811310007626
