R burn only daily orders,Priority 5
month,Priority
1,0.0
2,0.0
3,0.2
4,0.2167487684729064
5,0.2580645161290322
6,0.234375
7,0.2521739130434782
