R burn and p2c orders,Priority 5
month,Priority
1,0.0
2,0.0
3,0.0772727272727272
4,0.0985221674876847
5,0.1021505376344086
6,0.1171875
7,0.1304347826086956
