R burn per order,Priority 5
month,Priority
1,776.521526219139
2,653.9682949029126
3,678.4273162939297
4,848.4481970096746
5,623.593783040812
6,646.0151029748284
7,875.4488481545702
