R burn gmv,Priority 5
month,Priority
1,0.0911644787447602
2,0.0719677407835884
3,0.0735259836082928
4,0.0926348055794275
5,0.073323823450351
6,0.0709850638950462
7,0.0924526623728418
8,0.0834186721283495
9,0.0805661291471502
