R burn per order,Priority 5
month,Priority
1,776.5215262191389
2,653.9682949029126
3,678.4273162939297
4,848.4481970096746
5,623.593783040812
6,646.0151029748284
7,875.4488481545702
8,766.5359699965906
9,739.5533560160842
