R burn gmv,Priority 5
month,Priority
1,0.091164479
2,0.071967741
3,0.073525984
4,0.092634806
5,0.073323823
6,0.070985064
7,0.092452662
