Ted gmv,Priority 5
month,Priority
1,0.158196648
2,0.151089103
3,0.140741564
4,0.149192814
5,0.129246505
6,0.137254932
7,0.145902202
