Ted gmv,Priority 5
month,Priority
1,0.158196648250193
2,0.1510891029704228
3,0.1407415635397698
4,0.1491928139438214
5,0.1292465054213469
6,0.137254932035569
7,0.1459022015596833
8,0.1323326432022084
9,0.1363748234081223
