Ted per order,Priority 5
month,Priority
1,1347.488675780453
2,1372.9412924757282
3,1298.6282747603834
4,1366.4666666666667
5,1099.1968703742864
6,1249.1185354691077
7,1381.570968540996
