Ted per order,Priority 5
month,Priority
1,1347.4886757804527
2,1372.941292475728
3,1298.6282747603832
4,1366.4666666666667
5,1099.1968703742864
6,1249.1185354691077
7,1381.5709685409956
8,1216.0075008523695
9,1251.8468914321063
