Tri gmv,Priority 5
month,Priority
1,0.234097715
2,0.235134685
3,0.235109571
4,0.22893499
5,0.232500726
6,0.232176044
7,0.228419371
