Tri gmv,Priority 5
month,Priority
1,0.2340977148419108
2,0.2351346847092671
3,0.2351095710637026
4,0.2289349897724731
5,0.2325007258473591
6,0.2321760438314764
7,0.2284193707116359
8,0.2299310239913325
9,0.2300237967305929
