Tri per order,Priority 5
month,Priority
1,1993.9993878800244
2,2136.6604975728155
3,2169.365814696486
4,2096.830430958664
5,1977.3383379149925
6,2112.9688787185355
7,2162.9390636611342
8,2112.841118308899
9,2111.4936591401174
