Aop,Priority 3
month,Priority
1,43.913353302270544
2,43.29449045418882
3,42.57066273263731
4,42.50692988929889
5,45.619672657252885
6,43.57018841911765
7,42.34203806228373
8,42.38136933045356
9,41.8687428353076
