Aop,Priority 3
month,Priority
1,43.9133533022705
2,43.2944904541888
3,42.5706627326373
4,42.5069298892989
5,45.6196726572529
6,43.5701884191176
7,42.3420380622837
