Asp,Priority 3
month,Priority
1,28.6948465350196
2,27.2154040624183
3,30.690213345438
4,31.9047011070111
5,30.8117715019255
6,29.2162362132353
7,27.5511211072664
