"B2c, r burn & p2c daily orders",Priority 3
month,Priority
1,0.0
2,0.0
3,0.1285714285714285
4,0.1111111111111111
5,0.1764705882352941
6,0.1780821917808219
7,0.2043010752688172
