B2c per order,Priority 3
month,Priority
1,2.476569780342
2,2.390877865923
3,2.630231502497
4,2.42815498155
5,5.301655969191
6,4.537959558824
7,2.619615916955
