B2c gmv,Priority 3
month,Priority
1,0.05639674
2,0.05522361
3,0.06178507
4,0.05712374
5,0.11621425
6,0.10415286
7,0.06186797
