B2c only orders,Priority 3
month,Priority
1,0.0
2,0.0
3,0.0714285714285714
4,0.0222222222222222
5,0.0392156862745098
6,0.0410958904109589
7,0.021505376344086
