B2c and p2c orders,Priority 3
month,Priority
1,0.0
2,0.0
3,0.0428571428571428
4,0.0222222222222222
5,0.0196078431372549
6,0.0410958904109589
7,0.021505376344086
