B2c r burn orders,Priority 3
month,Priority
1,0.0
2,0.0
3,0.1857142857142857
4,0.2222222222222222
5,0.2549019607843137
6,0.3561643835616438
7,0.3333333333333333
