Bad rating rate,Priority 3
month,Priority
1,0.0251460690777309
2,0.0312091360822944
3,0.0299591466182478
4,0.0265682656826568
5,0.0282413350449293
6,0.0298713235294117
7,0.0252595155709342
