Daily online hours,Priority 3
month,Priority
1,3129.1963709677416
2,1623.273342911877
3,911.162195340502
4,766.434
5,669.0061917562723
6,694.9149166666668
7,694.0414784946236
