Daily online hours,Priority 3
month,Priority
1,3129.196370967735
2,1623.2733429118737
3,911.162195340502
4,766.4340000000021
5,669.0061917562726
6,694.9149166666676
7,694.0414784946228
8,680.542885304661
9,665.0912222222228
