Daily online hours,Priority 3
month,Priority
1,3129.196370967742
2,1623.2733429118773
3,911.1621953405016
4,766.4339999999999
5,669.0061917562723
6,694.9149166666667
7,694.0414784946234
