Daily orders,Priority 3
month,Priority
1,436.1612903225806
2,395.55172413793105
3,71.06451612903226
4,45.166666666666664
5,50.25806451612903
6,72.53333333333333
7,93.2258064516129
