Exposure per eff online,Priority 3
month,Priority
1,293.71713316369807
2,305.97927776931283
3,263.8272830402723
4,185.16802263883977
5,186.70095602294455
6,217.01675107128943
7,252.59882121807465
