Healthy stores,Priority 3
month,Priority
1,293.93548387096774
2,177.3793103448276
3,89.16129032258064
4,72.6
5,66.7741935483871
6,69.96666666666667
7,65.64516129032258
