Imperfect order rate,Priority 3
month,Priority
1,0.0252200281044301
2,0.0293784325690872
3,0.0308669995460735
4,0.0250922509225092
5,0.021181001283697
6,0.025735294117647
7,0.0214532871972318
