No burn daily orders,Priority 3
month,Priority
1,0.0
2,0.0
3,0.1428571428571428
4,0.2
5,0.1764705882352941
6,0.0958904109589041
7,0.075268817204301
