Orders per eff online,Priority 3
month,Priority
1,1.146819338422392
2,1.7478287368581442
3,0.6247872943845717
4,0.4793066855323664
5,0.595793499043977
6,0.847682119205298
7,1.1355599214145382
