Overdue orders per total orders,Priority 3
month,Priority
1,0.1387450051798135
2,0.156241821512693
3,0.1743077621425329
4,0.1719557195571955
5,0.2491971740526654
6,0.2015646571560055
7,0.1823855755894591
