P2c gmv,Priority 3
month,Priority
1,0.0966373444016946
2,0.0906333493814624
3,0.0734556104256232
4,0.0714974367539636
5,0.0741959424808425
6,0.0661576207169951
7,0.0860908719229925
8,0.0782757654525853
9,0.0731772694292715
