P2c only orders,Priority 3
month,Priority
1,0.0
2,0.0
3,0.1428571428571428
4,0.2
5,0.1568627450980392
6,0.0821917808219178
7,0.0967741935483871
