P2c gmv,Priority 3
month,Priority
1,0.09663734
2,0.09063335
3,0.07345561
4,0.07149744
5,0.07419594
6,0.06615762
7,0.08609087
