P2c burn per order,Priority 3
month,Priority
1,4.243669846905
2,3.923924679627
3,3.127054017249
4,3.039136531365
5,3.384794608472
6,2.8825
7,3.645262975779
