R burn gmv,Priority 3
month,Priority
1,0.19352353
2,0.225531788
3,0.143835296
4,0.120802356
5,0.134184448
6,0.159133869
7,0.201361069
