R burn only orders,Priority 3
month,Priority
1,0.0
2,0.0
3,0.1714285714285714
4,0.1111111111111111
5,0.0980392156862745
6,0.1232876712328767
7,0.1182795698924731
