R burn and p2c orders,Priority 3
month,Priority
1,0.0
2,0.0
3,0.1142857142857142
4,0.1111111111111111
5,0.0784313725490196
6,0.0821917808219178
7,0.1290322580645161
