R burn per order,Priority 3
month,Priority
1,8.4982671400044
2,9.7642838462209
3,6.1231638674535
4,5.1349372693727
5,6.1214505776637
6,6.9334926470588
7,8.5260380622837
