Ted gmv,Priority 3
month,Priority
1,0.34655761
2,0.371388743
3,0.279075979
4,0.249423537
5,0.324594639
6,0.329444345
7,0.349319911
