Ted per order,Priority 3
month,Priority
1,15.2185067672509
2,16.0790863917706
3,11.8804493871993
4,10.6022287822878
5,14.8079011553273
6,14.3539522058824
7,14.7909169550173
