Tri gmv,Priority 3
month,Priority
1,0.2054026387596379
2,0.1978507387072617
3,0.2119904882720428
4,0.2180143754289511
5,0.2162022189096235
6,0.2144905854133896
7,0.2041768268939168
8,0.2044382148845508
9,0.1917004120634659
