Tri per order,Priority 3
month,Priority
1,9.0199186450706
2,8.5658469183158
3,9.0245755787562
4,9.2671217712177
5,9.8630744544288
6,9.3453952205882
7,8.6452629757785
