Tri gmv,Priority 3
month,Priority
1,0.205402639
2,0.197850739
3,0.211990488
4,0.218014375
5,0.216202219
6,0.214490585
7,0.204176827
