Daily online hours,Old_1_vs_New_Rs
month,Old priority,New priority
1,0.0,1833.3023118279589
2,0.0,2496.231867816094
3,0.0,3056.949695340497
4,968.146898148148,2873.053768518522
5,2320.194318996416,2648.6974820788464
6,3225.665842592592,2411.525435185186
