R burn per order,Old_1_vs_New_Rs
month,Old priority,New priority
1,,6332.9357873885765
2,,7317.859296852014
3,,8706.343361574754
4,4522.752216938697,6962.957198053088
5,6858.637648110888,6991.2784914232
6,9236.189953023184,8917.349963075409
