R burn gmv,Old_1_vs_New_Rs
month,Old priority,New priority
1,,0.1522141362891698
2,,0.1757848749330227
3,,0.2034155372055714
4,0.114327561,0.1736543174149624
5,0.174249377,0.1778551070205946
6,0.221647977,0.2132204362903081
