B cancel rate,Old_1_vs_New_Rs
month,Old priority,New priority
1,,0.0422535211267605
2,,0.0416159155501421
3,,0.0472739024052444
4,0.0377226685295144,0.0349381017881705
5,0.0286778398510242,0.0291110788863109
6,0.0239049426984461,0.0310910118711136
