Daily orders,Old_1_vs_New_Rs
month,Old priority,New priority
1,0.0,390.8387096774193
2,0.0,468.82758620689657
3,0.0,635.8387096774194
4,259.3666666666667,664.3
5,721.4516129032259,823.6774193548387
6,1319.8,812.4666666666667
