B2c per order,Old_1_vs_New_Rs
month,Old priority,New priority
1,,3741.343182568504
2,,3888.2663283318634
3,,3274.4601998883877
4,5861.931499807223,3279.0975964674594
5,2902.772278113123,2699.0988877575
6,2311.970828913472,2714.3425371297285
