Healthy stores,Old_1_vs_New_Rs
month,Old priority,New priority
1,0.0,201.4516129032258
2,0.0,274.6896551724138
3,0.0,342.35483870967744
4,101.7,319.6666666666667
5,249.32258064516128,286.5806451612903
6,348.56666666666666,258.06666666666666
