Bad rating rate,Old_1_vs_New_Rs
month,Old priority,New priority
1,,0.0429184549356223
2,,0.0383936451897616
3,,0.0414996702348942
4,0.0303302917362806,0.0342716644086507
5,0.0274536105522021,0.0296075820474661
6,0.0376572207910289,0.0416837613850824
