B2c gmv,Old_1_vs_New_Rs
month,Old priority,New priority
1,,0.0899243795002805
2,,0.0934014146085216
3,,0.0765046877841127
4,0.14817976,0.0817798298416682
5,0.07374734,0.0686639106323964
6,0.05548215,0.0649019386257823
