Ted gmv,Old_1_vs_New_Rs
month,Old priority,New priority
1,,0.3776842213472421
2,,0.3958579959218083
3,,0.3930846961991574
4,0.383310588,0.3727317559048267
5,0.350434853,0.3505994731064284
6,0.379267635,0.3819831316606196
