Aop,Priority 2
month,Priority
1,242.1779739381619
2,243.8042476188399
3,241.5083423555811
4,239.9516461067263
5,242.2053886032767
6,243.9047689507242
7,242.7881986724292
