Aop,Priority 2
month,Priority
1,242.17797393816187
2,243.80424761883984
3,241.50834235558108
4,239.9516461067263
5,242.20538860327676
6,243.90476895072425
7,242.7881986724292
8,246.34362142596285
9,248.78465313115103
