Asp,Priority 2
month,Priority
1,182.98981097307
2,188.9745780505574
3,197.664698582632
4,187.9859861987796
5,193.6442812997558
6,192.7617658991842
7,189.7320430276361
