Asp,Priority 2
month,Priority
1,182.98981097307
2,188.9745780505573
3,197.664698582632
4,187.98598619877964
5,193.64428129975585
6,192.76176589918424
7,189.7320430276361
8,190.90187708964183
9,192.30592831092224
