B2c only daily orders,Priority 2
month,Priority
1,0.0
2,0.0
3,0.0318519819661572
4,0.0319681791396582
5,0.0112896425727268
6,0.0128391573523912
7,0.0020003922337713
