B2c & p2c daily orders,Priority 2
month,Priority
1,0.0
2,0.0
3,0.0117102874875578
4,0.0136024356707915
5,0.0047781889726893
6,0.0058586446171105
7,0.0007060207883898
