"B2c, r burn & p2c daily orders",Priority 2
month,Priority
1,0.0
2,0.0
3,0.0826746296621582
4,0.1229129836967197
5,0.1272778376352649
6,0.141770889599867
7,0.150813885075505
