B2c gmv,Priority 2
month,Priority
1,0.03340917
2,0.02507461
3,0.03234771
4,0.04615268
5,0.02819813
6,0.03095736
7,0.03044689
