B2c r burn orders,Priority 2
month,Priority
1,0.0
2,0.0
3,0.210433866151414
4,0.2639461795325084
5,0.2566636998173045
6,0.2663398013877924
7,0.2989213571288488
