B2c per order,Priority 2
month,Priority
1,8.090965063782
2,6.113295981464
3,7.812242969824
4,11.074410437915
5,6.829738146237
6,7.550647144856
7,7.392144970317
