B2c gmv,Priority 2
month,Priority
1,0.033409169844027
2,0.0250746081791872
3,0.0323477147564618
4,0.0461526754144006
5,0.0281981263324576
6,0.0309573575676236
7,0.0304468874959236
8,0.0296226797018344
9,0.0275174513864075
