Bad rating rate,Priority 2
month,Priority
1,0.0159881451644707
2,0.0159038706518101
3,0.0171126792487042
4,0.0166740720892449
5,0.017903224062872
6,0.0175736521646682
7,0.0173803701130384
