Daily orders,Priority 2
month,Priority
1,59711.58064516129
2,60065.620689655174
3,17078.451612903227
4,19655.266666666663
5,20888.290322580644
6,23201.4
7,24653.322580645163
