Daily online hours,Priority 2
month,Priority
1,36111.71315412186
2,38767.87921455939
3,22235.253458781364
4,26138.561296296295
5,27169.251478494625
6,31946.79417592592
7,33559.99053763441
