Healthy stores,Priority 2
month,Priority
1,4231.387096774193
2,4536.758620689655
3,2888.1612903225805
4,3320.2
5,3464.8709677419356
6,4016.233333333333
7,4160.0
