Imperfect order rate,Priority 2
month,Priority
1,0.0192651881976749
2,0.019107263722492
3,0.0212302996418803
4,0.0202642887911297
5,0.020584151948074
6,0.0200519508880211
7,0.0191062383791754
