No burn daily orders,Priority 2
month,Priority
1,0.0
2,0.0
3,0.2747818958955442
4,0.2321253191907287
5,0.2233100669883356
6,0.1809947230647774
7,0.162463228083938
