Overdue orders per total orders,Priority 2
month,Priority
1,0.1326125382251429
2,0.1367777908575924
3,0.1386118030382636
4,0.1361122139761849
5,0.1503912285689563
6,0.136493666300579
7,0.1280752513615417
