P2c only daily orders,Priority 2
month,Priority
1,0.0
2,0.0
3,0.0869488845951168
4,0.0842663523865645
5,0.0946268796552208
6,0.0844309635600615
7,0.0741714061580702
