P2c gmv,Priority 2
month,Priority
1,0.05058099
2,0.040073
3,0.03919357
4,0.04362635
5,0.04233733
6,0.04291443
7,0.0369064
