P2c burn per order,Priority 2
month,Priority
1,12.249600898729
2,9.769967690509
3,9.465574842473
4,10.468213438976
5,10.254328864605
6,10.467034388729
7,8.960439056176
