R burn only orders,Priority 2
month,Priority
1,0.0
2,0.0
3,0.2191580303296446
4,0.1766843449224121
5,0.192439218625568
6,0.2026841733493996
7,0.2094920572661306
