R burn per order,Priority 2
month,Priority
1,38.8475970025807
2,38.94640589631
3,26.5658259606522
4,30.4230360310553
5,31.4770402926783
6,33.1253215179544
7,36.7035323642825
