R burn gmv,Priority 2
month,Priority
1,0.160409291
2,0.159744575
3,0.10999962
4,0.126788195
5,0.129960116
6,0.135812521
7,0.151175109
