R burn and p2c orders,Priority 2
month,Priority
1,0.0
2,0.0
3,0.082440423912407
4,0.0744942054606167
5,0.0896144657328898
6,0.1050816470686001
7,0.1014316532653461
