Ted gmv,Priority 2
month,Priority
1,0.244399447
2,0.224892183
3,0.181540908
4,0.216567216
5,0.200495569
6,0.209684309
7,0.218528561
