Ted per order,Priority 2
month,Priority
1,59.1881629650919
2,54.8296695682825
3,43.8436437729491
4,51.9656599079466
5,48.5611073035209
6,51.14300305154
7,53.056155644793
