Tri gmv,Priority 2
month,Priority
1,0.212416863
2,0.209270845
3,0.226197496
4,0.221991028
5,0.220163766
6,0.219402956
7,0.218064189
