Tri gmv,Priority 2
month,Priority
1,0.2124168633112055
2,0.2092708450398347
3,0.2261974957939873
4,0.2219910278210908
5,0.2201637660735055
6,0.2194029561885798
7,0.2180641893888786
8,0.2154113654199183
9,0.2144941094225377
