Tri per order,Priority 2
month,Priority
1,51.4426855870072
2,51.0211209234957
3,54.6285822541894
4,53.2671125465948
5,53.3248505181943
6,53.5134273362814
7,52.9434117366893
