Active rs,Priority 4
month,Priority
1,100.36
2,97.51724137931036
3,83.12903225806451
4,65.46666666666667
5,64.48387096774194
6,64.7
7,41.29032258064516
8,44.80645161290322
9,52.53333333333333
