All 3 burns orders,Priority 4
month,Priority
1,0.0
2,0.0
3,0.2074074074074074
4,0.1071428571428571
5,0.1136363636363636
6,0.0382513661202185
7,0.0217391304347826
