Aop,Priority 4
month,Priority
1,42.7527567013329
2,39.4694163711584
3,41.2144560124935
4,40.5460726558665
5,42.5731105822043
6,40.1615333701048
7,41.6836565867223
