Aop,Priority 4
month,Priority
1,42.75275670133294
2,39.4694163711584
3,41.214456012493486
4,40.54607265586648
5,42.57311058220432
6,40.1615333701048
7,41.68365658672228
8,39.44325834542816
9,40.10954609134211
