Asp,Priority 4
month,Priority
1,25.583568185147207
2,26.30752659574468
3,26.292355543987505
4,28.299634266077565
5,27.13246612962285
6,26.61173929031072
7,27.93690302398332
8,28.37271770682148
9,27.511852059400397
