Asp,Priority 4
month,Priority
1,25.5835681851472
2,26.3075265957447
3,26.2923555439875
4,28.2996342660776
5,27.1324661296228
6,26.6117392903107
7,27.9369030239833
