B2c & r burn daily orders,Priority 4
month,Priority
1,0.0
2,0.0
3,0.3407407407407407
4,0.1785714285714285
5,0.1534090909090909
6,0.0546448087431694
7,0.0326086956521739
