B2c gmv,Priority 4
month,Priority
1,0.06142585
2,0.0504576
3,0.06947722
4,0.02733219
5,0.05629496
6,0.00748888
7,0.00667298
