B2c per order,Priority 4
month,Priority
1,2.626124212685
2,1.991532210402
3,2.863465642894
4,1.108213058419
5,2.39665140974
6,0.300764846479
7,0.278154327424
