B2c gmv,Priority 4
month,Priority
1,0.0614258451456312
2,0.0504576047356294
3,0.0694772155193874
4,0.027332192388278
5,0.0562949565339449
6,0.0074888785671468
7,0.0066729828954833
8,0.0014223735626548
9,0.0018041093259794
