B2c and p2c orders,Priority 4
month,Priority
1,0.0
2,0.0
3,0.0148148148148148
4,0.0
5,0.0056818181818181
6,0.0
7,0.0
