Bad rating rate,Priority 4
month,Priority
1,0.0335432840193349
2,0.0289598108747044
3,0.027980218636127
4,0.0272459499263622
5,0.0278286341999267
6,0.0294171722743151
7,0.0288494960027806
