Daily orders,Priority 4
month,Priority
1,273.08
2,233.3793103448276
3,247.8709677419355
4,135.8
5,176.19354838709677
6,181.3
7,92.80645161290325
