Daily online hours,Priority 4
month,Priority
1,1150.5022222222185
2,1285.0189463601537
3,971.463673835126
4,1061.1120000000012
5,862.628172043011
6,802.4213333333341
7,607.3473118279554
8,695.5392562724015
9,791.3580092592595
