Daily online hours,Priority 4
month,Priority
1,1150.5022222222224
2,1285.0189463601534
3,971.4636738351252
4,1061.112
5,862.6281720430107
6,802.4213333333333
7,607.3473118279571
