Healthy stores,Priority 4
month,Priority
1,118.72
2,126.06896551724138
3,93.25806451612904
4,103.6
5,81.61290322580645
6,78.23333333333333
7,60.80645161290322
8,68.41935483870968
9,80.83333333333333
