Imperfect order rate,Priority 4
month,Priority
1,0.0310531712318734
2,0.0288120567375886
3,0.0308433107756376
4,0.0292096219931271
5,0.0280117173196631
6,0.0305203162346019
7,0.0239833159541188
8,0.024310595065312
9,0.0215746707761277
