No burn orders,Priority 4
month,Priority
1,0.0
2,0.0
3,0.0777777777777777
4,0.1571428571428571
5,0.096590909090909
6,0.0710382513661202
7,0.0978260869565217
