Orders per eff online,Priority 4
month,Priority
1,1.8278447121820616
2,1.5392312940641346
3,2.2124964008062196
4,1.0634299138606107
5,1.8212737579193063
6,1.9070827489481064
7,1.3053539019963702
