Overdue orders per total orders,Priority 4
month,Priority
1,0.1169479090242113
2,0.1445249002512191
3,0.1486451276706618
4,0.1334152334152334
5,0.1550018321729571
6,0.176589861751152
7,0.1710709318497913
