P2c only daily orders,Priority 4
month,Priority
1,0.0
2,0.0
3,0.0666666666666666
4,0.1285714285714285
5,0.0852272727272727
6,0.0765027322404371
7,0.1195652173913043
