P2c gmv,Priority 4
month,Priority
1,0.10273908
2,0.09555413
3,0.07282473
4,0.0747134
5,0.08316105
6,0.08842316
7,0.09261108
