P2c gmv,Priority 4
month,Priority
1,0.1027390776408388
2,0.0955541294447952
3,0.0728247279342937
4,0.0747133965797074
5,0.083161054111881
6,0.0884231622454238
7,0.0926110796281774
8,0.0883546775226524
9,0.0883414901065637
