P2c burn per order,Priority 4
month,Priority
1,4.392378790098
2,3.77146572104
3,3.00143154607
4,3.029334806087
5,3.540424752838
6,3.55120978121
7,3.860368439347
