R burn and p2c orders,Priority 4
month,Priority
1,0.0
2,0.0
3,0.1333333333333333
4,0.1857142857142857
5,0.2386363636363636
6,0.3278688524590163
7,0.3260869565217391
