R burn only orders,Priority 4
month,Priority
1,0.0
2,0.0
3,0.1444444444444444
4,0.2428571428571428
5,0.2954545454545454
6,0.4316939890710382
7,0.4021739130434782
