R burn per order,Priority 4
month,Priority
1,10.150685513402664
2,7.39889184397163
3,9.057203279541904
4,8.108890525282279
5,9.503568290003662
6,9.697819452105168
7,9.608230795968025
8,7.5294412191582
9,8.98199495657047
