R burn per order,Priority 4
month,Priority
1,10.1506855134027
2,7.3988918439716
3,9.0572032795419
4,8.1088905252823
5,9.5035682900037
6,9.6978194521052
7,9.608230795968
