R burn gmv,Priority 4
month,Priority
1,0.237427626
2,0.187458861
3,0.219757924
4,0.199992009
5,0.223229361
6,0.241470348
7,0.230503549
