Ted per order,Priority 4
month,Priority
1,17.1691885161857
2,13.1618897754137
3,14.922100468506
4,12.2464383897889
5,15.4406444525815
6,13.5497940797941
7,13.746753562739
