Ted gmv,Priority 4
month,Priority
1,0.401592548
2,0.333470595
3,0.362059867
4,0.302037598
5,0.362685372
6,0.337382389
7,0.329787612
