Tri gmv,Priority 4
month,Priority
1,0.2006004527927156
2,0.2087854479002486
3,0.1994159117688776
4,0.2016893816436994
5,0.1956428971154495
6,0.1908353826508119
7,0.1940784437594914
8,0.2049702674065977
9,0.1979277541744914
