Tri gmv,Priority 4
month,Priority
1,0.200600453
2,0.208785448
3,0.199415912
4,0.201689382
5,0.195642897
6,0.190835383
7,0.194078444
