Tri per order,Priority 4
month,Priority
1,8.5762223524242
2,8.2406397754137
3,8.2188183237897
4,8.1777123220422
5,8.3291266935189
6,7.6642415885273
7,8.0898992005561
