Healthy stores,Old_1_vs_New_Rs
month,Old priority,New priority
1,0.0,24.06451613
2,0.0,29.89655172
3,0.0,34.77419355
4,8.933333333,33.43333333
5,24.83870968,29.58064516
