Daily online hours,Old_1_vs_New_Rs
month,Old priority,New priority
1,0.0,264.7175
2,0.0,325.0689464
3,0.0,371.3060036
4,102.415213,333.8988333
5,229.0952957,275.1104659
