R burn gmv,Old_1_vs_New_Rs
month,Old priority,New priority
1,,0.164246052
2,,0.165985642
3,,0.117601778
4,0.043054676,0.073158759
5,0.071029285,0.073459794
