Daily orders,Old_1_vs_New_Rs
month,Old priority,New priority
1,0.0,26.74193548
2,0.0,29.79310345
3,0.0,44.4516129
4,20.8,39.46666667
5,52.06451613,55.64516129
