Bad rating rate,Old_1_vs_New_Rs
month,Old priority,New priority
1,,0.05548854041
2,,0.03356481481
3,,0.02612481858
4,0.03525641026,0.03209459459
5,0.02416356877,0.02376811594
