B cancel rate,Old_1_vs_New_Rs
month,Old priority,New priority
1,,0.05021367521
2,,0.04214963119
3,,0.05043712172
4,0.0436746988,0.05246671887
5,0.04693760733,0.04965296316
