R burn per order,Old_1_vs_New_Rs
month,Old priority,New priority
1,,1351.481303
2,,1607.090278
3,,1052.571843
4,358.599359,618.5574324
5,595.7156134,618.1663768
