Orders per eff online,Old_1_vs_New_Rs
month,Old priority,New priority
1,,0.8298298298
2,,0.7926605505
3,,1.018477458
4,1.583756345,0.9502407705
5,1.74864572,1.568181818
