B2c gmv,Old_1_vs_New_Rs
month,Old priority,New priority
1,,0.04854326
2,,0.09557629
3,,0.12110743
4,0.2498226,0.15242677
5,0.1601212,0.15067002
