B2c per order,Old_1_vs_New_Rs
month,Old priority,New priority
1,,399.4330519
2,,925.3796296
3,,1083.948476
4,2080.754808,1288.768581
5,1342.920694,1267.892754
