Ted gmv,Old_1_vs_New_Rs
month,Old priority,New priority
1,,0.26330329
2,,0.314128491
3,,0.283359553
4,0.350224503,0.278288619
5,0.292392641,0.28411675
