B2c per order,priority_5
month,Old priority,New priority
1,623.955879100627,609.215427259734
2,1682.208021550434,1720.117117412088
3,1729.043212466287,1537.693842092953
4,1069.895983935743,366.544620114185
5,693.788528138528,494.662890752641
6,723.132259552276,74.302007112783
