Eff online rs,priority_5
month,Old priority,New priority
1,1806.3870967741937,1548.36
2,2060.689655172414,2060.793103448276
3,1963.1612903225807,1818.645161290323
4,1974.4333333333327,1744.8666666666666
5,2004.064516129032,1775.354838709677
6,1913.5,1649.2666666666669
