Bad rating rate,priority_5
month,Old priority,New priority
1,0.0311463324732768,0.0317034085495257
2,0.0296318467524693,0.0288127823980092
3,0.0308660473479172,0.0319088509472418
4,0.0306827309236947,0.0303030303030303
5,0.0313852813852813,0.0296627092183131
6,0.0304750416858835,0.0297592282222131
