R burn gmv,priority_5
month,Old priority,New priority
1,0.104718523,0.100093437
2,0.113990479,0.134557196
3,0.134236851,0.153950132
4,0.137684932,0.150540348
5,0.13305694,0.139532499
6,0.139118252,0.128249289
