B2c gmv,priority_5
month,Old priority,New priority
1,0.01460448,0.0123045
2,0.03869322,0.03908574
3,0.03879513,0.03382576
4,0.02367348,0.00825355
5,0.01557129,0.01117597
6,0.01606163,0.00162144
