R burn per order,priority_5
month,Old priority,New priority
1,4473.952967194988,4955.785872060288
2,4955.796243639629,5921.702540763538
3,5982.743572070722,6998.4579170704
4,6222.513052208835,6685.578568291612
5,5928.435101010101,6175.886831499837
6,6263.428708269769,5876.986183215468
