B cancel rate,priority_5
month,Old priority,New priority
1,0.0976429908320908,0.0818735575649805
2,0.0864460695897419,0.0791333565056192
3,0.0808750065730662,0.0842832570478994
4,0.0799205325711895,0.0786076093993982
5,0.0763884501168888,0.0757551644014387
6,0.0765818495471628,0.082228862717525
