Imperfect order rate,priority_5
month,Old priority,New priority
1,0.0311094729082196,0.0304907098618389
2,0.0307542651900628,0.0296313273524982
3,0.0319148936170212,0.0337799458718968
4,0.0324497991967871,0.0304787000439174
5,0.0301587301587301,0.0282467414588098
6,0.0288076063433497,0.0269795200915668
