Daily online hours,priority_5
month,Old priority,New priority
1,12825.00734767025,11002.268311111113
2,14751.903122605365,14757.734693486593
3,14025.617249103943,12940.157840501794
4,14229.403416666668,12500.199333333334
5,14546.843584229391,12823.101469534053
6,13786.398731481482,11814.17908333333
