Ted gmv,priority_5
month,Old priority,New priority
1,0.237397349,0.217669496
2,0.267034693,0.285571414
3,0.279328875,0.296631991
4,0.26473601,0.265553551
5,0.243071026,0.250195169
6,0.250636292,0.22752627
