Daily orders,priority_5
month,Old priority,New priority
1,875.1612903225806,923.56
2,921.6551724137933,1053.1724137931035
3,1076.451612903226,965.451612903226
4,830.0,759.0
5,894.1935483870968,888.483870967742
6,939.5666666666668,815.4333333333333
