Orders per eff online,priority_5
month,Old priority,New priority
1,0.4844815886281653,0.5964762716680875
2,0.4472556894243641,0.5110519886886535
3,0.5483256104374117,0.530863102628685
4,0.420373778130434,0.4349902571352156
5,0.4461900009657792,0.5004542481284977
6,0.4910199459977354,0.4944217632078904
