Healthy stores,priority_5
month,Old priority,New priority
1,1445.9032258064517,1230.52
2,1676.2758620689656,1677.1724137931035
3,1595.8709677419354,1469.354838709677
4,1613.9333333333334,1417.3666666666666
5,1637.451612903226,1436.3870967741937
6,1550.5333333333333,1323.9333333333334
